Number,Label,Re_labeled,,,,,,,,,,,
0,1,0,,,,,,,,,,,
1,3,4,,,,,,,,,,,
2,3,1,,,,,,,,,,,
3,1,1,,,,,,,,,,,
4,1,1,,,,,,,,,,,
5,3,3,,,,,,,,,,,
6,2,2,,,,,,,,,,,
7,3,3,,,,,,,,,,,
8,2,4,,,,,,,,,,,
9,2,2,,,,,,,,,,,
10,3,2,,,,,,,,,,,
11,2,1,,,,,,,,,,,
12,2,2,,,,,,,,,,,
13,2,1,,,,,,,,,,,
14,3,3,,,,,,,,,,,
15,0,0,,,,,,,,,,,
16,2,1,,,,,,,,,,,
17,3,1,,,,,,,,,,,
18,3,3,,,,,,,,,,,
19,1,3,,,,,,,,,,,
20,1,1,,,,,,,,,,,
21,2,2,,,,,,,,,,,
22,3,4,,,,,,,,,,,
23,1,1,,,,,,,,,,,
24,3,3,,,,,,,,,,,
25,1,4,,,,,,,,,,,
26,3,3,,,,,,,,,,,
27,1,4,,,,,,,,,,,
28,3,4,,,,,,,,,,,
29,2,2,,,,,,,,,,,
30,3,4,,,,,,,,,,,
31,2,2,,,,,,,,,,,
32,3,1,,,,,,,,,,,
33,2,2,,,,,,,,,,,
34,2,2,,,,,,,,,,,
35,2,2,,,,,,,,,,,
36,3,3,,,,,,,,,,,
37,2,1,,,,,,,,,,,
38,2,1,,,,,,,,,,,
39,1,1,,,,,,,,,,,
40,3,4,,,,,,,,,,,
41,2,4,,,,,,,,,,,
42,2,4,,,,,,,,,,,
43,2,2,,,,,,,,,,,
44,1,4,,,,,,,,,,,
45,1,1,,,,,,,,,,,
46,2,2,,,,,,,,,,,
47,1,4,,,,,,,,,,,
48,2,1,,,,,,,,,,,
49,1,1,,,,,,,,,,,
50,2,2,,,,,,,,,,,
51,2,4,,,,,,,,,,,
52,3,3,,,,,,,,,,,
53,3,4,,,,,,,,,,,
54,3,2,,,,,,,,,,,
55,1,1,,,,,,,,,,,
57,3,2,,,,,,,,,,,
58,1,1,,,,,,,,,,,
59,1,1,,,,,,,,,,,
60,3,2,,,,,,,,,,,
62,1,1,,,,,,,,,,,
63,2,1,,,,,,,,,,,
64,1,4,,,,,,,,,,,
65,1,1,,,,,,,,,,,
66,1,4,,,,,,,,,,,
67,3,3,,,,,,,,,,,
68,3,4,,,,,,,,,,,
69,2,2,,,,,,,,,,,
70,2,2,,,,,,,,,,,
71,2,1,,,,,,,,,,,
72,3,0,,,,,,,,,,,
73,2,2,,,,,,,,,,,
74,2,4,,,,,,,,,,,
75,2,4,,,,,,,,,,,
76,2,1,,,,,,,,,,,
77,1,1,,,,,,,,,,,
78,3,4,,,,,,,,,,,
79,3,3,,,,,,,,,,,
80,3,4,,,,,,,,,,,
81,1,1,,,,,,,,,,,
82,2,2,,,,,,,,,,,
83,2,2,,,,,,,,,,,
84,2,1,,,,,,,,,,,
85,2,4,,,,,,,,,,,
86,2,3,,,,,,,,,,,
87,2,2,,,,,,,,,,,
88,1,4,,,,,,,,,,,
89,2,2,,,,,,,,,,,
90,2,4,,,,,,,,,,,
91,3,3,,,,,,,,,,,
92,2,1,,,,,,,,,,,
93,2,2,,,,,,,,,,,
94,1,1,,,,,,,,,,,
95,2,4,,,,,,,,,,,
96,1,1,,,,,,,,,,,
97,2,2,,,,,,,,,,,
98,1,1,,,,,,,,,,,
99,3,3,,,,,,,,,,,
100,2,2,,,,,,,,,,,
101,3,3,,,,,,,,,,,
102,2,4,,,,,,,,,,,
103,2,2,,,,,,,,,,,
104,3,4,,,,,,,,,,,
105,1,1,,,,,,,,,,,
106,3,3,,,,,,,,,,,
107,3,3,,,,,,,,,,,
108,3,1,,,,,,,,,,,
109,3,1,,,,,,,,,,,
110,2,2,,,,,,,,,,,
111,3,4,,,,,,,,,,,
112,2,2,,,,,,,,,,,
113,1,1,,,,,,,,,,,
114,2,2,,,,,,,,,,,
115,3,4,,,,,,,,,,,
116,1,1,,,,,,,,,,,
117,2,2,,,,,,,,,,,
118,3,3,,,,,,,,,,,
119,1,1,,,,,,,,,,,
120,1,4,,,,,,,,,,,
121,1,4,,,,,,,,,,,
122,1,1,,,,,,,,,,,
123,1,1,,,,,,,,,,,
124,1,1,,,,,,,,,,,
125,1,1,,,,,,,,,,,
126,1,1,,,,,,,,,,,
127,2,2,,,,,,,,,,,
128,3,3,,,,,,,,,,,
129,2,4,,,,,,,,,,,
130,1,1,,,,,,,,,,,
131,2,4,,,,,,,,,,,
132,0,0,,,,,,,,,,,
133,2,1,,,,,,,,,,,
134,2,2,,,,,,,,,,,
135,2,2,,,,,,,,,,,
136,3,3,,,,,,,,,,,
137,3,3,,,,,,,,,,,
138,3,4,,,,,,,,,,,
139,2,2,,,,,,,,,,,
140,1,4,,,,,,,,,,,
141,1,1,,,,,,,,,,,
142,1,1,,,,,,,,,,,
143,1,1,,,,,,,,,,,
144,3,4,,,,,,,,,,,
145,3,3,,,,,,,,,,,
146,3,3,,,,,,,,,,,
147,2,2,,,,,,,,,,,
148,3,4,,,,,,,,,,,
149,2,1,,,,,,,,,,,
150,3,3,,,,,,,,,,,
151,1,1,,,,,,,,,,,
152,3,2,,,,,,,,,,,
153,3,3,,,,,,,,,,,
154,2,1,,,,,,,,,,,
155,2,2,,,,,,,,,,,
156,3,3,,,,,,,,,,,
157,2,2,,,,,,,,,,,
158,3,2,,,,,,,,,,,
159,1,0,,,,,,,,,,,
160,2,1,,,,,,,,,,,
161,2,1,,,,,,,,,,,
162,3,3,,,,,,,,,,,
163,1,1,,,,,,,,,,,
164,2,2,,,,,,,,,,,
165,2,1,,,,,,,,,,,
166,3,4,,,,,,,,,,,
167,1,1,,,,,,,,,,,
168,1,1,,,,,,,,,,,
169,3,3,,,,,,,,,,,
170,1,1,,,,,,,,,,,
171,3,2,,,,,,,,,,,
172,3,2,,,,,,,,,,,
173,1,4,,,,,,,,,,,
174,1,1,,,,,,,,,,,
175,1,4,,,,,,,,,,,
176,2,4,,,,,,,,,,,
177,2,2,,,,,,,,,,,
178,1,1,,,,,,,,,,,
180,2,2,,,,,,,,,,,
181,1,1,,,,,,,,,,,
182,3,3,,,,,,,,,,,
183,3,3,,,,,,,,,,,
184,1,1,,,,,,,,,,,
185,3,4,,,,,,,,,,,
186,1,1,,,,,,,,,,,
187,1,1,,,,,,,,,,,
188,1,1,,,,,,,,,,,
189,2,2,,,,,,,,,,,
190,2,2,,,,,,,,,,,
191,3,4,,,,,,,,,,,
192,3,3,,,,,,,,,,,
193,2,2,,,,,,,,,,,
194,1,1,,,,,,,,,,,
195,1,1,,,,,,,,,,,
196,3,4,,,,,,,,,,,
197,3,4,,,,,,,,,,,
198,2,2,,,,,,,,,,,
199,2,2,,,,,,,,,,,
200,3,3,,,,,,,,,,,
201,1,1,,,,,,,,,,,
202,3,3,,,,,,,,,,,
203,2,1,,,,,,,,,,,
204,2,4,,,,,,,,,,,
205,2,2,,,,,,,,,,,
206,1,4,,,,,,,,,,,
207,1,0,,,,,,,,,,,
208,3,2,,,,,,,,,,,
209,3,3,,,,,,,,,,,
210,3,3,,,,,,,,,,,
211,3,4,,,,,,,,,,,
212,1,1,,,,,,,,,,,
213,2,2,,,,,,,,,,,
214,3,4,,,,,,,,,,,
215,2,4,,,,,,,,,,,
216,2,4,,,,,,,,,,,
217,1,1,,,,,,,,,,,
218,2,4,,,,,,,,,,,
221,2,4,,,,,,,,,,,
222,1,4,,,,,,,,,,,
223,1,4,,,,,,,,,,,
224,1,1,,,,,,,,,,,
225,2,2,,,,,,,,,,,
226,1,4,,,,,,,,,,,
227,2,2,,,,,,,,,,,
228,2,4,,,,,,,,,,,
229,3,3,,,,,,,,,,,
230,2,1,,,,,,,,,,,
231,3,3,,,,,,,,,,,
232,0,0,,,,,,,,,,,
233,2,4,,,,,,,,,,,
234,2,2,,,,,,,,,,,
235,2,4,,,,,,,,,,,
236,3,3,,,,,,,,,,,
237,2,4,,,,,,,,,,,
238,1,1,,,,,,,,,,,
240,1,1,,,,,,,,,,,
241,3,1,,,,,,,,,,,
242,2,2,,,,,,,,,,,
243,2,2,,,,,,,,,,,
244,2,2,,,,,,,,,,,
245,0,0,,,,,,,,,,,
246,1,1,,,,,,,,,,,
247,1,0,,,,,,,,,,,
248,2,4,,,,,,,,,,,
249,1,1,,,,,,,,,,,
250,3,1,,,,,,,,,,,
251,1,1,,,,,,,,,,,
252,2,2,,,,,,,,,,,
253,1,1,,,,,,,,,,,
254,2,2,,,,,,,,,,,
255,2,2,,,,,,,,,,,
256,1,4,,,,,,,,,,,
257,2,2,,,,,,,,,,,
258,2,2,,,,,,,,,,,
259,1,1,,,,,,,,,,,
260,2,1,,,,,,,,,,,
261,3,3,,,,,,,,,,,
262,3,3,,,,,,,,,,,
263,2,4,,,,,,,,,,,
264,3,4,,,,,,,,,,,
265,2,2,,,,,,,,,,,
266,2,1,,,,,,,,,,,
267,1,1,,,,,,,,,,,
268,2,1,,,,,,,,,,,
270,2,1,,,,,,,,,,,
271,3,3,,,,,,,,,,,
272,2,4,,,,,,,,,,,
273,2,1,,,,,,,,,,,
274,2,0,,,,,,,,,,,
275,0,2,,,,,,,,,,,
276,2,2,,,,,,,,,,,
277,2,4,,,,,,,,,,,
278,2,1,,,,,,,,,,,
279,2,2,,,,,,,,,,,
280,1,1,,,,,,,,,,,
281,2,2,,,,,,,,,,,
282,1,0,,,,,,,,,,,
283,2,2,,,,,,,,,,,
284,1,1,,,,,,,,,,,
285,2,2,,,,,,,,,,,
286,1,4,,,,,,,,,,,
287,0,4,,,,,,,,,,,
288,1,1,,,,,,,,,,,
289,1,1,,,,,,,,,,,
290,2,2,,,,,,,,,,,
291,3,3,,,,,,,,,,,
292,0,0,,,,,,,,,,,
293,2,1,,,,,,,,,,,
294,3,3,,,,,,,,,,,
295,1,1,,,,,,,,,,,
296,2,2,,,,,,,,,,,
297,1,1,,,,,,,,,,,
298,1,0,,,,,,,,,,,
299,0,4,,,,,,,,,,,
300,2,2,,,,,,,,,,,
301,2,4,,,,,,,,,,,
302,1,1,,,,,,,,,,,
303,2,2,,,,,,,,,,,
304,2,1,,,,,,,,,,,
305,3,3,,,,,,,,,,,
306,2,2,,,,,,,,,,,
307,3,3,,,,,,,,,,,
308,0,0,,,,,,,,,,,
309,3,3,,,,,,,,,,,
310,2,1,,,,,,,,,,,
311,2,2,,,,,,,,,,,
312,0,0,,,,,,,,,,,
313,1,4,,,,,,,,,,,
314,2,2,,,,,,,,,,,
316,2,2,,,,,,,,,,,
317,1,1,,,,,,,,,,,
318,2,1,,,,,,,,,,,
319,1,1,,,,,,,,,,,
320,2,3,,,,,,,,,,,
321,0,0,,,,,,,,,,,
322,2,1,,,,,,,,,,,
323,1,1,,,,,,,,,,,
324,2,2,,,,,,,,,,,
325,1,1,,,,,,,,,,,
326,0,4,,,,,,,,,,,
327,2,2,,,,,,,,,,,
328,2,2,,,,,,,,,,,
329,3,1,,,,,,,,,,,
330,2,2,,,,,,,,,,,
331,2,4,,,,,,,,,,,
332,2,1,,,,,,,,,,,
333,3,3,,,,,,,,,,,
334,2,2,,,,,,,,,,,
335,1,4,,,,,,,,,,,
336,3,3,,,,,,,,,,,
337,2,1,,,,,,,,,,,
338,1,1,,,,,,,,,,,
339,1,1,,,,,,,,,,,
340,3,2,,,,,,,,,,,
341,0,4,,,,,,,,,,,
342,2,2,,,,,,,,,,,
343,0,4,,,,,,,,,,,
344,2,1,,,,,,,,,,,
345,2,2,,,,,,,,,,,
346,2,1,,,,,,,,,,,
347,2,1,,,,,,,,,,,
348,1,1,,,,,,,,,,,
349,2,4,,,,,,,,,,,
350,2,4,,,,,,,,,,,
351,1,1,,,,,,,,,,,
352,3,3,,,,,,,,,,,
353,1,1,,,,,,,,,,,
354,1,1,,,,,,,,,,,
355,2,1,,,,,,,,,,,
356,2,2,,,,,,,,,,,
357,2,4,,,,,,,,,,,
358,2,2,,,,,,,,,,,
359,2,2,,,,,,,,,,,
360,2,2,,,,,,,,,,,
361,2,2,,,,,,,,,,,
362,0,4,,,,,,,,,,,
363,3,4,,,,,,,,,,,
364,3,2,,,,,,,,,,,
365,2,1,,,,,,,,,,,
366,1,1,,,,,,,,,,,
367,2,2,,,,,,,,,,,
368,3,3,,,,,,,,,,,
369,3,3,,,,,,,,,,,
370,2,2,,,,,,,,,,,
371,2,4,,,,,,,,,,,
372,2,2,,,,,,,,,,,
373,0,0,,,,,,,,,,,
374,2,4,,,,,,,,,,,
375,3,3,,,,,,,,,,,
376,2,2,,,,,,,,,,,
377,1,1,,,,,,,,,,,
378,1,0,,,,,,,,,,,
379,2,2,,,,,,,,,,,
380,1,1,,,,,,,,,,,
381,2,2,,,,,,,,,,,
382,3,4,,,,,,,,,,,
383,1,1,,,,,,,,,,,
384,3,3,,,,,,,,,,,
385,0,0,,,,,,,,,,,
386,2,4,,,,,,,,,,,
387,3,2,,,,,,,,,,,
388,2,1,,,,,,,,,,,
389,3,2,,,,,,,,,,,
390,1,1,,,,,,,,,,,
391,1,1,,,,,,,,,,,
392,2,4,,,,,,,,,,,
393,1,1,,,,,,,,,,,
394,1,1,,,,,,,,,,,
395,2,4,,,,,,,,,,,
396,2,1,,,,,,,,,,,
397,2,2,,,,,,,,,,,
398,2,2,,,,,,,,,,,
399,3,4,,,,,,,,,,,
400,3,3,,,,,,,,,,,
401,1,1,,,,,,,,,,,
402,1,1,,,,,,,,,,,
403,2,2,,,,,,,,,,,
404,1,1,,,,,,,,,,,
405,1,1,,,,,,,,,,,
406,2,2,,,,,,,,,,,
407,3,3,,,,,,,,,,,
408,1,1,,,,,,,,,,,
409,0,0,,,,,,,,,,,
410,2,2,,,,,,,,,,,
411,3,3,,,,,,,,,,,
412,2,1,,,,,,,,,,,
413,1,2,,,,,,,,,,,
414,1,4,,,,,,,,,,,
415,3,3,,,,,,,,,,,
416,2,4,,,,,,,,,,,
417,3,3,,,,,,,,,,,
418,2,2,,,,,,,,,,,
419,3,1,,,,,,,,,,,
420,2,2,,,,,,,,,,,
421,2,2,,,,,,,,,,,
422,0,1,,,,,,,,,,,
423,1,1,,,,,,,,,,,
424,2,2,,,,,,,,,,,
425,3,3,,,,,,,,,,,
426,2,2,,,,,,,,,,,
427,1,1,,,,,,,,,,,
428,1,1,,,,,,,,,,,
429,3,2,,,,,,,,,,,
430,2,2,,,,,,,,,,,
431,2,4,,,,,,,,,,,
432,2,2,,,,,,,,,,,
434,3,4,,,,,,,,,,,
435,3,4,,,,,,,,,,,
436,3,3,,,,,,,,,,,
437,2,2,,,,,,,,,,,
438,2,1,,,,,,,,,,,
439,3,3,,,,,,,,,,,
440,2,2,,,,,,,,,,,
441,1,1,,,,,,,,,,,
442,2,2,,,,,,,,,,,
443,2,1,,,,,,,,,,,
444,2,4,,,,,,,,,,,
445,3,3,,,,,,,,,,,
446,2,4,,,,,,,,,,,
447,2,4,,,,,,,,,,,
448,2,1,,,,,,,,,,,
449,0,0,,,,,,,,,,,
450,2,2,,,,,,,,,,,
451,3,3,,,,,,,,,,,
452,3,3,,,,,,,,,,,
453,2,1,,,,,,,,,,,
454,2,4,,,,,,,,,,,
455,2,2,,,,,,,,,,,
456,3,3,,,,,,,,,,,
457,3,4,,,,,,,,,,,
458,2,2,,,,,,,,,,,
459,3,0,,,,,,,,,,,
460,1,1,,,,,,,,,,,
461,2,1,,,,,,,,,,,
462,2,1,,,,,,,,,,,
463,2,2,,,,,,,,,,,
464,2,2,,,,,,,,,,,
465,2,4,,,,,,,,,,,
466,1,1,,,,,,,,,,,
467,2,2,,,,,,,,,,,
468,3,3,,,,,,,,,,,
469,2,2,,,,,,,,,,,
470,1,1,,,,,,,,,,,
471,2,1,,,,,,,,,,,
472,1,1,,,,,,,,,,,
473,3,2,,,,,,,,,,,
474,3,4,,,,,,,,,,,
475,3,4,,,,,,,,,,,
476,3,3,,,,,,,,,,,
477,2,4,,,,,,,,,,,
478,2,4,,,,,,,,,,,
479,2,2,,,,,,,,,,,
480,2,2,,,,,,,,,,,
481,1,1,,,,,,,,,,,
482,0,4,,,,,,,,,,,
483,1,4,,,,,,,,,,,
484,3,4,,,,,,,,,,,
485,2,2,,,,,,,,,,,
486,3,3,,,,,,,,,,,
487,3,4,,,,,,,,,,,
488,2,2,,,,,,,,,,,
489,1,1,,,,,,,,,,,
490,3,3,,,,,,,,,,,
491,1,1,,,,,,,,,,,
492,2,2,,,,,,,,,,,
493,1,1,,,,,,,,,,,
494,2,2,,,,,,,,,,,
495,2,2,,,,,,,,,,,
496,2,2,,,,,,,,,,,
497,2,4,,,,,,,,,,,
498,1,1,,,,,,,,,,,
499,2,2,,,,,,,,,,,
500,1,1,,,,,,,,,,,
501,3,3,,,,,,,,,,,
502,1,4,,,,,,,,,,,
503,2,1,,,,,,,,,,,
504,3,2,,,,,,,,,,,
505,2,2,,,,,,,,,,,
506,2,1,,,,,,,,,,,
507,2,1,,,,,,,,,,,
508,3,4,,,,,,,,,,,
509,2,2,,,,,,,,,,,
510,2,1,,,,,,,,,,,
511,2,4,,,,,,,,,,,
512,2,1,,,,,,,,,,,
513,2,4,,,,,,,,,,,
514,3,4,,,,,,,,,,,
515,3,4,,,,,,,,,,,
516,3,4,,,,,,,,,,,
517,2,2,,,,,,,,,,,
518,2,2,,,,,,,,,,,
519,1,1,,,,,,,,,,,
520,2,2,,,,,,,,,,,
521,0,0,,,,,,,,,,,
522,1,1,,,,,,,,,,,
523,2,1,,,,,,,,,,,
524,2,2,,,,,,,,,,,
525,1,1,,,,,,,,,,,
526,2,2,,,,,,,,,,,
528,1,1,,,,,,,,,,,
529,2,2,,,,,,,,,,,
530,3,1,,,,,,,,,,,
531,2,2,,,,,,,,,,,
532,2,1,,,,,,,,,,,
533,0,4,,,,,,,,,,,
534,2,2,,,,,,,,,,,
535,1,1,,,,,,,,,,,
536,3,3,,,,,,,,,,,
537,1,1,,,,,,,,,,,
538,1,1,,,,,,,,,,,
539,1,1,,,,,,,,,,,
540,3,4,,,,,,,,,,,
541,2,2,,,,,,,,,,,
543,2,2,,,,,,,,,,,
544,3,1,,,,,,,,,,,
545,2,2,,,,,,,,,,,
546,2,2,,,,,,,,,,,
547,2,2,,,,,,,,,,,
548,1,1,,,,,,,,,,,
549,0,4,,,,,,,,,,,
550,1,0,,,,,,,,,,,
551,2,2,,,,,,,,,,,
552,3,3,,,,,,,,,,,
553,3,2,,,,,,,,,,,
554,2,0,,,,,,,,,,,
555,3,2,,,,,,,,,,,
556,3,3,,,,,,,,,,,
557,2,2,,,,,,,,,,,
558,2,2,,,,,,,,,,,
559,2,2,,,,,,,,,,,
560,0,4,,,,,,,,,,,
561,3,3,,,,,,,,,,,
562,3,3,,,,,,,,,,,
563,2,2,,,,,,,,,,,
564,1,1,,,,,,,,,,,
565,1,1,,,,,,,,,,,
566,2,1,,,,,,,,,,,
567,3,3,,,,,,,,,,,
568,3,3,,,,,,,,,,,
569,2,1,,,,,,,,,,,
570,3,4,,,,,,,,,,,
571,2,2,,,,,,,,,,,
572,1,4,,,,,,,,,,,
573,1,1,,,,,,,,,,,
574,1,1,,,,,,,,,,,
575,2,2,,,,,,,,,,,
576,3,3,,,,,,,,,,,
577,2,1,,,,,,,,,,,
578,2,4,,,,,,,,,,,
579,2,1,,,,,,,,,,,
580,1,1,,,,,,,,,,,
581,2,1,,,,,,,,,,,
582,1,1,,,,,,,,,,,
583,2,1,,,,,,,,,,,
584,2,2,,,,,,,,,,,
586,3,4,,,,,,,,,,,
587,1,1,,,,,,,,,,,
588,3,1,,,,,,,,,,,
589,1,1,,,,,,,,,,,
590,2,2,,,,,,,,,,,
591,0,2,,,,,,,,,,,
592,1,1,,,,,,,,,,,
593,2,1,,,,,,,,,,,
594,2,2,,,,,,,,,,,
595,1,1,,,,,,,,,,,
596,0,4,,,,,,,,,,,
597,3,3,,,,,,,,,,,
598,3,1,,,,,,,,,,,
599,2,2,,,,,,,,,,,
600,1,2,,,,,,,,,,,
601,0,1,,,,,,,,,,,
602,2,1,,,,,,,,,,,
603,1,1,,,,,,,,,,,
604,2,2,,,,,,,,,,,
605,2,2,,,,,,,,,,,
606,0,0,,,,,,,,,,,
607,1,1,,,,,,,,,,,
608,2,1,,,,,,,,,,,
609,0,0,,,,,,,,,,,
610,3,3,,,,,,,,,,,
611,2,2,,,,,,,,,,,
612,3,3,,,,,,,,,,,
613,3,4,,,,,,,,,,,
614,1,1,,,,,,,,,,,
615,3,2,,,,,,,,,,,
616,1,1,,,,,,,,,,,
617,2,2,,,,,,,,,,,
619,2,2,,,,,,,,,,,
620,2,2,,,,,,,,,,,
621,3,2,,,,,,,,,,,
622,2,1,,,,,,,,,,,
623,2,1,,,,,,,,,,,
624,2,4,,,,,,,,,,,
625,3,2,,,,,,,,,,,
626,2,2,,,,,,,,,,,
627,2,1,,,,,,,,,,,
628,2,2,,,,,,,,,,,
629,1,1,,,,,,,,,,,
630,3,1,,,,,,,,,,,
631,2,1,,,,,,,,,,,
632,0,0,,,,,,,,,,,
633,1,0,,,,,,,,,,,
634,3,3,,,,,,,,,,,
635,1,1,,,,,,,,,,,
636,1,4,,,,,,,,,,,
637,0,0,,,,,,,,,,,
638,2,2,,,,,,,,,,,
639,2,2,,,,,,,,,,,
640,1,4,,,,,,,,,,,
641,2,2,,,,,,,,,,,
642,3,3,,,,,,,,,,,
643,3,4,,,,,,,,,,,
644,1,0,,,,,,,,,,,
645,2,1,,,,,,,,,,,
646,1,1,,,,,,,,,,,
647,2,4,,,,,,,,,,,
648,2,2,,,,,,,,,,,
649,2,2,,,,,,,,,,,
650,2,2,,,,,,,,,,,
651,2,1,,,,,,,,,,,
652,3,4,,,,,,,,,,,
653,3,2,,,,,,,,,,,
654,2,4,,,,,,,,,,,
655,2,4,,,,,,,,,,,
656,2,2,,,,,,,,,,,
657,1,4,,,,,,,,,,,
658,1,1,,,,,,,,,,,
659,1,1,,,,,,,,,,,
660,1,4,,,,,,,,,,,
661,3,4,,,,,,,,,,,
662,2,2,,,,,,,,,,,
663,2,2,,,,,,,,,,,
664,2,2,,,,,,,,,,,
665,2,1,,,,,,,,,,,
666,1,4,,,,,,,,,,,
667,2,2,,,,,,,,,,,
668,2,4,,,,,,,,,,,
669,2,4,,,,,,,,,,,
670,1,1,,,,,,,,,,,
671,2,2,,,,,,,,,,,
672,3,4,,,,,,,,,,,
673,3,4,,,,,,,,,,,
674,2,1,,,,,,,,,,,
676,2,2,,,,,,,,,,,
677,1,1,,,,,,,,,,,
678,3,2,,,,,,,,,,,
679,3,3,,,,,,,,,,,
681,1,1,,,,,,,,,,,
682,3,3,,,,,,,,,,,
683,2,4,,,,,,,,,,,
684,1,1,,,,,,,,,,,
685,2,4,,,,,,,,,,,
686,3,4,,,,,,,,,,,
687,3,3,,,,,,,,,,,
688,3,4,,,,,,,,,,,
690,1,4,,,,,,,,,,,
691,2,4,,,,,,,,,,,
692,2,1,,,,,,,,,,,
693,3,3,,,,,,,,,,,
694,1,1,,,,,,,,,,,
695,2,1,,,,,,,,,,,
696,2,1,,,,,,,,,,,
697,2,2,,,,,,,,,,,
698,3,3,,,,,,,,,,,
699,1,1,,,,,,,,,,,
700,1,4,,,,,,,,,,,
701,2,2,,,,,,,,,,,
702,2,2,,,,,,,,,,,
703,2,1,,,,,,,,,,,
704,2,2,,,,,,,,,,,
705,3,3,,,,,,,,,,,
706,1,1,,,,,,,,,,,
707,0,4,,,,,,,,,,,
708,2,2,,,,,,,,,,,
709,2,4,,,,,,,,,,,
710,3,3,,,,,,,,,,,
711,0,4,,,,,,,,,,,
712,3,3,,,,,,,,,,,
713,2,2,,,,,,,,,,,
714,3,3,,,,,,,,,,,
715,3,3,,,,,,,,,,,
716,3,4,,,,,,,,,,,
717,2,2,,,,,,,,,,,
718,2,4,,,,,,,,,,,
719,2,4,,,,,,,,,,,
720,2,2,,,,,,,,,,,
721,3,2,,,,,,,,,,,
722,3,2,,,,,,,,,,,
723,2,2,,,,,,,,,,,
724,2,2,,,,,,,,,,,
725,2,1,,,,,,,,,,,
726,3,1,,,,,,,,,,,
727,1,1,,,,,,,,,,,
728,2,2,,,,,,,,,,,
729,3,3,,,,,,,,,,,
730,2,1,,,,,,,,,,,
731,2,2,,,,,,,,,,,
732,1,1,,,,,,,,,,,
733,2,2,,,,,,,,,,,
734,1,1,,,,,,,,,,,
736,3,2,,,,,,,,,,,
737,3,3,,,,,,,,,,,
738,2,2,,,,,,,,,,,
739,0,0,,,,,,,,,,,
740,1,1,,,,,,,,,,,
741,3,4,,,,,,,,,,,
742,3,3,,,,,,,,,,,
743,2,2,,,,,,,,,,,
744,3,4,,,,,,,,,,,
745,3,2,,,,,,,,,,,
746,1,1,,,,,,,,,,,
747,2,4,,,,,,,,,,,
748,2,4,,,,,,,,,,,
749,2,2,,,,,,,,,,,
750,1,1,,,,,,,,,,,
751,2,2,,,,,,,,,,,
752,3,3,,,,,,,,,,,
753,2,2,,,,,,,,,,,
754,3,3,,,,,,,,,,,
755,2,2,,,,,,,,,,,
756,2,2,,,,,,,,,,,
757,1,4,,,,,,,,,,,
758,3,3,,,,,,,,,,,
759,2,2,,,,,,,,,,,
760,2,1,,,,,,,,,,,
761,1,1,,,,,,,,,,,
762,1,4,,,,,,,,,,,
763,2,2,,,,,,,,,,,
764,2,1,,,,,,,,,,,
765,2,2,,,,,,,,,,,
766,2,2,,,,,,,,,,,
767,2,1,,,,,,,,,,,
768,2,2,,,,,,,,,,,
769,3,2,,,,,,,,,,,
770,2,1,,,,,,,,,,,
771,3,3,,,,,,,,,,,
772,2,1,,,,,,,,,,,
773,2,2,,,,,,,,,,,
774,2,2,,,,,,,,,,,
775,3,2,,,,,,,,,,,
776,3,3,,,,,,,,,,,
777,3,2,,,,,,,,,,,
778,3,3,,,,,,,,,,,
779,1,4,,,,,,,,,,,
780,0,0,,,,,,,,,,,
781,3,4,,,,,,,,,,,
782,3,4,,,,,,,,,,,
783,2,2,,,,,,,,,,,
784,1,4,,,,,,,,,,,
785,2,2,,,,,,,,,,,
786,3,3,,,,,,,,,,,
787,3,3,,,,,,,,,,,
788,3,4,,,,,,,,,,,
789,2,2,,,,,,,,,,,
790,0,0,,,,,,,,,,,
791,2,2,,,,,,,,,,,
792,2,2,,,,,,,,,,,
793,2,2,,,,,,,,,,,
794,2,2,,,,,,,,,,,
795,2,2,,,,,,,,,,,
796,2,2,,,,,,,,,,,
797,1,1,,,,,,,,,,,
798,1,1,,,,,,,,,,,
799,2,4,,,,,,,,,,,
800,2,2,,,,,,,,,,,
801,2,1,,,,,,,,,,,
802,3,3,,,,,,,,,,,
803,2,2,,,,,,,,,,,
804,1,4,,,,,,,,,,,
805,2,2,,,,,,,,,,,
806,3,3,,,,,,,,,,,
807,1,1,,,,,,,,,,,
808,1,1,,,,,,,,,,,
809,3,3,,,,,,,,,,,
810,1,4,,,,,,,,,,,
811,1,1,,,,,,,,,,,
812,2,2,,,,,,,,,,,
813,2,2,,,,,,,,,,,
814,3,4,,,,,,,,,,,
815,1,1,,,,,,,,,,,
816,2,2,,,,,,,,,,,
817,3,1,,,,,,,,,,,
818,2,2,,,,,,,,,,,
819,2,2,,,,,,,,,,,
820,0,0,,,,,,,,,,,
821,3,4,,,,,,,,,,,
822,3,3,,,,,,,,,,,
823,3,2,,,,,,,,,,,
824,1,1,,,,,,,,,,,
826,1,1,,,,,,,,,,,
827,3,3,,,,,,,,,,,
828,2,1,,,,,,,,,,,
829,3,4,,,,,,,,,,,
830,2,2,,,,,,,,,,,
831,2,1,,,,,,,,,,,
832,2,2,,,,,,,,,,,
833,1,1,,,,,,,,,,,
834,3,3,,,,,,,,,,,
835,3,0,,,,,,,,,,,
836,1,2,,,,,,,,,,,
837,2,1,,,,,,,,,,,
838,0,0,,,,,,,,,,,
839,2,2,,,,,,,,,,,
840,3,2,,,,,,,,,,,
841,3,2,,,,,,,,,,,
842,3,2,,,,,,,,,,,
843,3,2,,,,,,,,,,,
844,2,1,,,,,,,,,,,
845,2,2,,,,,,,,,,,
846,1,0,,,,,,,,,,,
847,2,4,,,,,,,,,,,
848,2,2,,,,,,,,,,,
849,2,2,,,,,,,,,,,
850,3,3,,,,,,,,,,,
851,3,4,,,,,,,,,,,
852,1,1,,,,,,,,,,,
854,3,3,,,,,,,,,,,
855,2,2,,,,,,,,,,,
856,2,4,,,,,,,,,,,
857,3,3,,,,,,,,,,,
858,1,1,,,,,,,,,,,
859,1,1,,,,,,,,,,,
860,1,1,,,,,,,,,,,
861,3,3,,,,,,,,,,,
862,3,3,,,,,,,,,,,
863,3,2,,,,,,,,,,,
864,1,0,,,,,,,,,,,
865,2,4,,,,,,,,,,,
866,2,2,,,,,,,,,,,
867,2,2,,,,,,,,,,,
868,2,2,,,,,,,,,,,
869,1,1,,,,,,,,,,,
870,3,3,,,,,,,,,,,
871,2,4,,,,,,,,,,,
872,1,1,,,,,,,,,,,
873,2,4,,,,,,,,,,,
874,2,2,,,,,,,,,,,
875,3,4,,,,,,,,,,,
876,2,2,,,,,,,,,,,
877,3,3,,,,,,,,,,,
878,2,2,,,,,,,,,,,
879,1,1,,,,,,,,,,,
880,3,3,,,,,,,,,,,
881,2,2,,,,,,,,,,,
882,1,4,,,,,,,,,,,
883,1,1,,,,,,,,,,,
884,0,0,,,,,,,,,,,
885,1,1,,,,,,,,,,,
886,1,1,,,,,,,,,,,
887,3,3,,,,,,,,,,,
888,1,1,,,,,,,,,,,
889,1,1,,,,,,,,,,,
890,3,3,,,,,,,,,,,
891,3,2,,,,,,,,,,,
892,2,4,,,,,,,,,,,
893,2,2,,,,,,,,,,,
894,3,3,,,,,,,,,,,
895,2,2,,,,,,,,,,,
896,2,1,,,,,,,,,,,
897,2,1,,,,,,,,,,,
898,2,4,,,,,,,,,,,
899,2,1,,,,,,,,,,,
901,0,1,,,,,,,,,,,
902,1,0,,,,,,,,,,,
903,2,1,,,,,,,,,,,
904,2,2,,,,,,,,,,,
905,2,2,,,,,,,,,,,
906,3,4,,,,,,,,,,,
907,1,1,,,,,,,,,,,
908,1,0,,,,,,,,,,,
909,2,4,,,,,,,,,,,
910,3,3,,,,,,,,,,,
911,2,1,,,,,,,,,,,
912,1,1,,,,,,,,,,,
913,2,1,,,,,,,,,,,
914,2,1,,,,,,,,,,,
915,2,2,,,,,,,,,,,
916,2,2,,,,,,,,,,,
917,2,1,,,,,,,,,,,
918,3,3,,,,,,,,,,,
919,1,1,,,,,,,,,,,
920,1,1,,,,,,,,,,,
921,2,2,,,,,,,,,,,
922,3,2,,,,,,,,,,,
923,3,3,,,,,,,,,,,
924,1,1,,,,,,,,,,,
925,3,2,,,,,,,,,,,
926,3,3,,,,,,,,,,,
927,3,2,,,,,,,,,,,
928,2,2,,,,,,,,,,,
929,2,2,,,,,,,,,,,
930,2,2,,,,,,,,,,,
931,1,1,,,,,,,,,,,
932,2,2,,,,,,,,,,,
933,3,4,,,,,,,,,,,
934,1,1,,,,,,,,,,,
935,2,1,,,,,,,,,,,
936,2,4,,,,,,,,,,,
937,2,2,,,,,,,,,,,
938,2,4,,,,,,,,,,,
939,1,1,,,,,,,,,,,
940,1,1,,,,,,,,,,,
941,2,2,,,,,,,,,,,
942,2,0,,,,,,,,,,,
943,3,3,,,,,,,,,,,
944,2,4,,,,,,,,,,,
945,1,1,,,,,,,,,,,
946,2,2,,,,,,,,,,,
947,1,1,,,,,,,,,,,
948,1,4,,,,,,,,,,,
949,2,1,,,,,,,,,,,
950,2,1,,,,,,,,,,,
951,1,4,,,,,,,,,,,
952,1,1,,,,,,,,,,,
954,1,2,,,,,,,,,,,
955,3,3,,,,,,,,,,,
956,2,2,,,,,,,,,,,
957,2,2,,,,,,,,,,,
958,2,2,,,,,,,,,,,
959,3,4,,,,,,,,,,,
960,2,1,,,,,,,,,,,
961,2,2,,,,,,,,,,,
962,2,2,,,,,,,,,,,
963,3,2,,,,,,,,,,,
964,3,4,,,,,,,,,,,
965,2,2,,,,,,,,,,,
966,0,1,,,,,,,,,,,
967,3,3,,,,,,,,,,,
968,2,1,,,,,,,,,,,
969,3,3,,,,,,,,,,,
970,2,2,,,,,,,,,,,
971,3,2,,,,,,,,,,,
972,3,3,,,,,,,,,,,
973,2,1,,,,,,,,,,,
974,3,2,,,,,,,,,,,
975,3,2,,,,,,,,,,,
976,2,4,,,,,,,,,,,
977,1,2,,,,,,,,,,,
978,3,4,,,,,,,,,,,
979,1,0,,,,,,,,,,,
980,1,1,,,,,,,,,,,
981,2,2,,,,,,,,,,,
982,3,3,,,,,,,,,,,
983,2,2,,,,,,,,,,,
984,2,2,,,,,,,,,,,
985,2,2,,,,,,,,,,,
986,3,3,,,,,,,,,,,
987,3,2,,,,,,,,,,,
988,2,2,,,,,,,,,,,
989,0,0,,,,,,,,,,,
990,2,1,,,,,,,,,,,
991,3,2,,,,,,,,,,,
992,3,4,,,,,,,,,,,
993,2,1,,,,,,,,,,,
994,3,0,,,,,,,,,,,
995,2,4,,,,,,,,,,,
996,2,2,,,,,,,,,,,
997,1,1,,,,,,,,,,,
998,2,4,,,,,,,,,,,
999,3,3,,,,,,,,,,,
1000,1,1,,,,,,,,,,,
1001,1,1,,,,,,,,,,,
1002,2,2,,,,,,,,,,,
1003,2,0,,,,,,,,,,,
1004,3,4,,,,,,,,,,,
1005,2,4,,,,,,,,,,,
1006,3,1,,,,,,,,,,,
1007,1,1,,,,,,,,,,,
1008,2,4,,,,,,,,,,,
1009,1,2,,,,,,,,,,,
1010,3,3,,,,,,,,,,,
1011,3,3,,,,,,,,,,,
1012,1,1,,,,,,,,,,,
1013,1,1,,,,,,,,,,,
1014,2,1,,,,,,,,,,,
1015,3,3,,,,,,,,,,,
1016,3,3,,,,,,,,,,,
1017,2,2,,,,,,,,,,,
1018,3,3,,,,,,,,,,,
1019,3,3,,,,,,,,,,,
1020,2,2,,,,,,,,,,,
1021,2,2,,,,,,,,,,,
1022,2,2,,,,,,,,,,,
1023,3,2,,,,,,,,,,,
1024,2,2,,,,,,,,,,,
1025,2,2,,,,,,,,,,,
1026,1,2,,,,,,,,,,,
1027,3,4,,,,,,,,,,,
1028,2,2,,,,,,,,,,,
1029,3,2,,,,,,,,,,,
1030,2,2,,,,,,,,,,,
1031,0,4,,,,,,,,,,,
1032,2,2,,,,,,,,,,,
1033,2,4,,,,,,,,,,,
1034,3,4,,,,,,,,,,,
1035,2,2,,,,,,,,,,,
1036,2,2,,,,,,,,,,,
1037,2,1,,,,,,,,,,,
1038,2,3,,,,,,,,,,,
1039,1,4,,,,,,,,,,,
1041,3,2,,,,,,,,,,,
1042,3,3,,,,,,,,,,,
1043,3,0,,,,,,,,,,,
1044,0,0,,,,,,,,,,,
1045,3,3,,,,,,,,,,,
1046,2,2,,,,,,,,,,,
1047,2,2,,,,,,,,,,,
1048,1,1,,,,,,,,,,,
1049,1,4,,,,,,,,,,,
1050,1,1,,,,,,,,,,,
1051,2,2,,,,,,,,,,,
1052,2,2,,,,,,,,,,,
1053,3,3,,,,,,,,,,,
1054,0,0,,,,,,,,,,,
1055,2,4,,,,,,,,,,,
1056,1,1,,,,,,,,,,,
1057,2,4,,,,,,,,,,,
1058,2,4,,,,,,,,,,,
1059,2,4,,,,,,,,,,,
1060,1,1,,,,,,,,,,,
1061,1,1,,,,,,,,,,,
1062,2,2,,,,,,,,,,,
1063,2,4,,,,,,,,,,,
1064,1,1,,,,,,,,,,,
1065,3,3,,,,,,,,,,,
1066,2,2,,,,,,,,,,,
1067,1,1,,,,,,,,,,,
1068,1,0,,,,,,,,,,,
1069,2,2,,,,,,,,,,,
1070,0,0,,,,,,,,,,,
1071,3,0,,,,,,,,,,,
1072,2,1,,,,,,,,,,,
1073,2,2,,,,,,,,,,,
1075,3,3,,,,,,,,,,,
1076,3,4,,,,,,,,,,,
1077,2,2,,,,,,,,,,,
1078,3,3,,,,,,,,,,,
1079,1,1,,,,,,,,,,,
1080,2,2,,,,,,,,,,,
1081,3,3,,,,,,,,,,,
1082,0,0,,,,,,,,,,,
1083,2,2,,,,,,,,,,,
1084,2,0,,,,,,,,,,,
1085,3,2,,,,,,,,,,,
1086,2,4,,,,,,,,,,,
1087,1,1,,,,,,,,,,,
1088,0,0,,,,,,,,,,,
1089,3,3,,,,,,,,,,,
1090,2,2,,,,,,,,,,,
1091,1,1,,,,,,,,,,,
1092,2,0,,,,,,,,,,,
1093,1,1,,,,,,,,,,,
1094,3,4,,,,,,,,,,,
1095,1,1,,,,,,,,,,,
1097,2,1,,,,,,,,,,,
1098,2,2,,,,,,,,,,,
1099,0,0,,,,,,,,,,,
1100,2,2,,,,,,,,,,,
1101,2,2,,,,,,,,,,,
1102,3,2,,,,,,,,,,,
1103,3,3,,,,,,,,,,,
1104,2,2,,,,,,,,,,,
1105,2,1,,,,,,,,,,,
1106,2,2,,,,,,,,,,,
1107,3,4,,,,,,,,,,,
1108,2,2,,,,,,,,,,,
1109,1,1,,,,,,,,,,,
1110,0,1,,,,,,,,,,,
1111,3,2,,,,,,,,,,,
1112,1,1,,,,,,,,,,,
1113,1,1,,,,,,,,,,,
1114,3,3,,,,,,,,,,,
1115,2,4,,,,,,,,,,,
1116,3,4,,,,,,,,,,,
1117,2,2,,,,,,,,,,,
1118,2,1,,,,,,,,,,,
1119,2,2,,,,,,,,,,,
1120,3,3,,,,,,,,,,,
1121,1,2,,,,,,,,,,,
1123,2,4,,,,,,,,,,,
1124,2,4,,,,,,,,,,,
1125,1,0,,,,,,,,,,,
1126,2,1,,,,,,,,,,,
1127,1,1,,,,,,,,,,,
1128,3,4,,,,,,,,,,,
1129,2,2,,,,,,,,,,,
1130,3,2,,,,,,,,,,,
1131,2,2,,,,,,,,,,,
1132,2,1,,,,,,,,,,,
1133,1,4,,,,,,,,,,,
1134,1,1,,,,,,,,,,,
1135,1,1,,,,,,,,,,,
1136,3,4,,,,,,,,,,,
1137,1,1,,,,,,,,,,,
1138,2,4,,,,,,,,,,,
1139,3,1,,,,,,,,,,,
1140,0,1,,,,,,,,,,,
1141,3,3,,,,,,,,,,,
1142,3,3,,,,,,,,,,,
1143,2,2,,,,,,,,,,,
1144,3,3,,,,,,,,,,,
1145,3,4,,,,,,,,,,,
1146,2,1,,,,,,,,,,,
1147,3,2,,,,,,,,,,,
1148,3,3,,,,,,,,,,,
1149,3,4,,,,,,,,,,,
1150,1,1,,,,,,,,,,,
1151,1,1,,,,,,,,,,,
1152,1,1,,,,,,,,,,,
1153,2,2,,,,,,,,,,,
1154,1,2,,,,,,,,,,,
1155,2,1,,,,,,,,,,,
1156,1,1,,,,,,,,,,,
1157,2,2,,,,,,,,,,,
1158,2,2,,,,,,,,,,,
1159,3,3,,,,,,,,,,,
1160,0,0,,,,,,,,,,,
1161,2,4,,,,,,,,,,,
1162,2,2,,,,,,,,,,,
1163,3,3,,,,,,,,,,,
1164,3,3,,,,,,,,,,,
1165,2,4,,,,,,,,,,,
1166,2,1,,,,,,,,,,,
1167,1,1,,,,,,,,,,,
1168,1,1,,,,,,,,,,,
1169,1,1,,,,,,,,,,,
1170,1,1,,,,,,,,,,,
1171,0,4,,,,,,,,,,,
1172,3,2,,,,,,,,,,,
1173,2,4,,,,,,,,,,,
1174,3,3,,,,,,,,,,,
1175,1,4,,,,,,,,,,,
1176,2,2,,,,,,,,,,,
1177,3,2,,,,,,,,,,,
1178,0,0,,,,,,,,,,,
1179,2,1,,,,,,,,,,,
1180,2,1,,,,,,,,,,,
1181,2,2,,,,,,,,,,,
1182,1,1,,,,,,,,,,,
1183,2,2,,,,,,,,,,,
1184,3,4,,,,,,,,,,,
1185,1,1,,,,,,,,,,,
1186,3,3,,,,,,,,,,,
1187,1,1,,,,,,,,,,,
1188,3,2,,,,,,,,,,,
1189,2,4,,,,,,,,,,,
1190,3,3,,,,,,,,,,,
1191,2,2,,,,,,,,,,,
1192,3,4,,,,,,,,,,,
1193,0,0,,,,,,,,,,,
1195,2,2,,,,,,,,,,,
1196,3,4,,,,,,,,,,,
1197,3,3,,,,,,,,,,,
1198,2,1,,,,,,,,,,,
1200,2,1,,,,,,,,,,,
1202,2,2,,,,,,,,,,,
1203,2,2,,,,,,,,,,,
1204,2,2,,,,,,,,,,,
1205,3,2,,,,,,,,,,,
1206,2,2,,,,,,,,,,,
1207,2,2,,,,,,,,,,,
1208,1,1,,,,,,,,,,,
1209,3,3,,,,,,,,,,,
1210,2,1,,,,,,,,,,,
1211,2,4,,,,,,,,,,,
1212,3,2,,,,,,,,,,,
1213,2,4,,,,,,,,,,,
1214,2,1,,,,,,,,,,,
1215,3,3,,,,,,,,,,,
1216,1,1,,,,,,,,,,,
1217,3,3,,,,,,,,,,,
1218,2,4,,,,,,,,,,,
1219,3,3,,,,,,,,,,,
1220,3,3,,,,,,,,,,,
1221,1,4,,,,,,,,,,,
1222,1,1,,,,,,,,,,,
1224,2,1,,,,,,,,,,,
1225,1,1,,,,,,,,,,,
1226,1,1,,,,,,,,,,,
1227,3,2,,,,,,,,,,,
1228,3,3,,,,,,,,,,,
1229,3,2,,,,,,,,,,,
1230,1,2,,,,,,,,,,,
1231,2,2,,,,,,,,,,,
1232,1,1,,,,,,,,,,,
1233,1,0,,,,,,,,,,,
1234,1,1,,,,,,,,,,,
1235,1,1,,,,,,,,,,,
1236,1,1,,,,,,,,,,,
1237,3,2,,,,,,,,,,,
1238,2,2,,,,,,,,,,,
1239,2,4,,,,,,,,,,,
1240,2,2,,,,,,,,,,,
1241,1,1,,,,,,,,,,,
1242,2,1,,,,,,,,,,,
1243,3,2,,,,,,,,,,,
1244,1,4,,,,,,,,,,,
1245,3,3,,,,,,,,,,,
1246,2,2,,,,,,,,,,,
1247,1,1,,,,,,,,,,,
1248,1,1,,,,,,,,,,,
1249,1,4,,,,,,,,,,,
1250,2,1,,,,,,,,,,,
1251,2,2,,,,,,,,,,,
1252,1,2,,,,,,,,,,,
1254,2,4,,,,,,,,,,,
1255,2,2,,,,,,,,,,,
1256,1,1,,,,,,,,,,,
1257,2,1,,,,,,,,,,,
1258,2,2,,,,,,,,,,,
1259,0,0,,,,,,,,,,,
1260,2,2,,,,,,,,,,,
1261,1,1,,,,,,,,,,,
1262,2,2,,,,,,,,,,,
1263,3,3,,,,,,,,,,,
1264,2,2,,,,,,,,,,,
1265,2,1,,,,,,,,,,,
1266,1,1,,,,,,,,,,,
1267,3,3,,,,,,,,,,,
1268,2,2,,,,,,,,,,,
1269,0,0,,,,,,,,,,,
1270,2,2,,,,,,,,,,,
1271,2,2,,,,,,,,,,,
1272,1,1,,,,,,,,,,,
1273,3,4,,,,,,,,,,,
1274,1,1,,,,,,,,,,,
1275,1,1,,,,,,,,,,,
1276,2,2,,,,,,,,,,,
1277,2,1,,,,,,,,,,,
1278,2,2,,,,,,,,,,,
1279,2,2,,,,,,,,,,,
1280,2,2,,,,,,,,,,,
1281,3,2,,,,,,,,,,,
1282,2,2,,,,,,,,,,,
1283,3,2,,,,,,,,,,,
1284,0,4,,,,,,,,,,,
1285,2,2,,,,,,,,,,,
1286,3,4,,,,,,,,,,,
1287,1,1,,,,,,,,,,,
1288,1,4,,,,,,,,,,,
1289,3,1,,,,,,,,,,,
1290,2,4,,,,,,,,,,,
1291,2,4,,,,,,,,,,,
1292,1,1,,,,,,,,,,,
1293,0,1,,,,,,,,,,,
1294,1,1,,,,,,,,,,,
1295,1,1,,,,,,,,,,,
1296,2,2,,,,,,,,,,,
1297,3,2,,,,,,,,,,,
1298,1,1,,,,,,,,,,,
1299,1,2,,,,,,,,,,,
1300,2,4,,,,,,,,,,,
1301,1,1,,,,,,,,,,,
1302,1,1,,,,,,,,,,,
1303,3,3,,,,,,,,,,,
1304,2,2,,,,,,,,,,,
1305,0,0,,,,,,,,,,,
1306,3,2,,,,,,,,,,,
1308,1,1,,,,,,,,,,,
1309,3,4,,,,,,,,,,,
1310,1,1,,,,,,,,,,,
1311,0,0,,,,,,,,,,,
1312,3,3,,,,,,,,,,,
1313,3,3,,,,,,,,,,,
1314,2,2,,,,,,,,,,,
1315,1,0,,,,,,,,,,,
1316,2,4,,,,,,,,,,,
1317,3,4,,,,,,,,,,,
1318,0,0,,,,,,,,,,,
1319,2,1,,,,,,,,,,,
1320,3,3,,,,,,,,,,,
1321,1,1,,,,,,,,,,,
1323,2,1,,,,,,,,,,,
1324,3,3,,,,,,,,,,,
1325,2,2,,,,,,,,,,,
1326,3,3,,,,,,,,,,,
1327,3,2,,,,,,,,,,,
1328,1,1,,,,,,,,,,,
1329,2,2,,,,,,,,,,,
1330,2,2,,,,,,,,,,,
1331,2,2,,,,,,,,,,,
1332,1,2,,,,,,,,,,,
1333,2,4,,,,,,,,,,,
1334,2,2,,,,,,,,,,,
1335,2,2,,,,,,,,,,,
1336,1,1,,,,,,,,,,,
1337,1,1,,,,,,,,,,,
1338,0,4,,,,,,,,,,,
1339,1,2,,,,,,,,,,,
1340,1,4,,,,,,,,,,,
1341,2,4,,,,,,,,,,,
1342,3,3,,,,,,,,,,,
1343,2,2,,,,,,,,,,,
1344,2,2,,,,,,,,,,,
1345,2,2,,,,,,,,,,,
1346,0,0,,,,,,,,,,,
1347,1,1,,,,,,,,,,,
1348,2,4,,,,,,,,,,,
1349,2,2,,,,,,,,,,,
1350,2,0,,,,,,,,,,,
1351,3,3,,,,,,,,,,,
1352,1,2,,,,,,,,,,,
1353,3,1,,,,,,,,,,,
1354,2,4,,,,,,,,,,,
1355,3,3,,,,,,,,,,,
1356,2,2,,,,,,,,,,,
1357,1,1,,,,,,,,,,,
1358,2,1,,,,,,,,,,,
1359,2,2,,,,,,,,,,,
1360,2,1,,,,,,,,,,,
1361,2,2,,,,,,,,,,,
1362,2,2,,,,,,,,,,,
1363,2,2,,,,,,,,,,,
1364,2,2,,,,,,,,,,,
1365,1,1,,,,,,,,,,,
1366,2,1,,,,,,,,,,,
1367,1,1,,,,,,,,,,,
1368,2,2,,,,,,,,,,,
1369,2,2,,,,,,,,,,,
1370,2,2,,,,,,,,,,,
1371,2,2,,,,,,,,,,,
1372,3,2,,,,,,,,,,,
1373,2,2,,,,,,,,,,,
1374,1,1,,,,,,,,,,,
1375,1,1,,,,,,,,,,,
1376,2,2,,,,,,,,,,,
1377,2,4,,,,,,,,,,,
1378,2,4,,,,,,,,,,,
1379,1,1,,,,,,,,,,,
1380,2,2,,,,,,,,,,,
1381,1,1,,,,,,,,,,,
1382,3,2,,,,,,,,,,,
1383,1,2,,,,,,,,,,,
1384,2,2,,,,,,,,,,,
1385,1,1,,,,,,,,,,,
1386,3,3,,,,,,,,,,,
1387,2,1,,,,,,,,,,,
1388,3,0,,,,,,,,,,,
1389,1,1,,,,,,,,,,,
1390,2,2,,,,,,,,,,,
1392,2,2,,,,,,,,,,,
1393,0,0,,,,,,,,,,,
1394,3,3,,,,,,,,,,,
1395,2,2,,,,,,,,,,,
1396,3,2,,,,,,,,,,,
1397,2,2,,,,,,,,,,,
1398,2,1,,,,,,,,,,,
1399,2,2,,,,,,,,,,,
1400,3,3,,,,,,,,,,,
1401,1,1,,,,,,,,,,,
1402,2,2,,,,,,,,,,,
1403,2,4,,,,,,,,,,,
1404,1,1,,,,,,,,,,,
1405,3,4,,,,,,,,,,,
1406,2,2,,,,,,,,,,,
1407,1,1,,,,,,,,,,,
1408,2,2,,,,,,,,,,,
1409,3,2,,,,,,,,,,,
1410,3,3,,,,,,,,,,,
1411,1,1,,,,,,,,,,,
1413,2,4,,,,,,,,,,,
1414,3,4,,,,,,,,,,,
1415,3,4,,,,,,,,,,,
1416,3,2,,,,,,,,,,,
1417,2,2,,,,,,,,,,,
1418,1,4,,,,,,,,,,,
1419,1,1,,,,,,,,,,,
1420,2,2,,,,,,,,,,,
1421,2,2,,,,,,,,,,,
1423,2,2,,,,,,,,,,,
1424,2,1,,,,,,,,,,,
1425,1,1,,,,,,,,,,,
1426,2,2,,,,,,,,,,,
1427,3,2,,,,,,,,,,,
1428,2,4,,,,,,,,,,,
1429,1,1,,,,,,,,,,,
1430,3,1,,,,,,,,,,,
1431,1,1,,,,,,,,,,,
1432,2,2,,,,,,,,,,,
1433,1,1,,,,,,,,,,,
1434,0,2,,,,,,,,,,,
1435,3,2,,,,,,,,,,,
1436,2,2,,,,,,,,,,,
1437,2,2,,,,,,,,,,,
1438,3,3,,,,,,,,,,,
1439,2,4,,,,,,,,,,,
1440,1,1,,,,,,,,,,,
1441,1,1,,,,,,,,,,,
1442,3,3,,,,,,,,,,,
1443,2,2,,,,,,,,,,,
1444,0,4,,,,,,,,,,,
1445,2,1,,,,,,,,,,,
1447,3,3,,,,,,,,,,,
1448,3,4,,,,,,,,,,,
1449,2,2,,,,,,,,,,,
1450,2,2,,,,,,,,,,,
1451,3,3,,,,,,,,,,,
1452,2,1,,,,,,,,,,,
1453,3,3,,,,,,,,,,,
1454,0,4,,,,,,,,,,,
1455,2,1,,,,,,,,,,,
1456,3,3,,,,,,,,,,,
1457,3,3,,,,,,,,,,,
1458,3,4,,,,,,,,,,,
1459,1,1,,,,,,,,,,,
1460,1,4,,,,,,,,,,,
1461,3,2,,,,,,,,,,,
1462,3,4,,,,,,,,,,,
1463,3,3,,,,,,,,,,,
1464,2,1,,,,,,,,,,,
1465,2,2,,,,,,,,,,,
1466,3,4,,,,,,,,,,,
1467,2,2,,,,,,,,,,,
1468,3,2,,,,,,,,,,,
1469,2,1,,,,,,,,,,,
1470,3,3,,,,,,,,,,,
1471,3,3,,,,,,,,,,,
1472,3,3,,,,,,,,,,,
1473,2,2,,,,,,,,,,,
1474,2,1,,,,,,,,,,,
1475,3,3,,,,,,,,,,,
1476,1,1,,,,,,,,,,,
1477,1,1,,,,,,,,,,,
1478,2,4,,,,,,,,,,,
1479,2,2,,,,,,,,,,,
1480,3,3,,,,,,,,,,,
1481,2,2,,,,,,,,,,,
1482,3,4,,,,,,,,,,,
1483,2,2,,,,,,,,,,,
1484,2,2,,,,,,,,,,,
1485,2,2,,,,,,,,,,,
1486,2,1,,,,,,,,,,,
1487,2,2,,,,,,,,,,,
1488,2,2,,,,,,,,,,,
1489,1,2,,,,,,,,,,,
1490,3,4,,,,,,,,,,,
1491,2,2,,,,,,,,,,,
1492,2,2,,,,,,,,,,,
1493,2,1,,,,,,,,,,,
1494,2,2,,,,,,,,,,,
1495,3,3,,,,,,,,,,,
1496,3,4,,,,,,,,,,,
1497,2,4,,,,,,,,,,,
1498,1,1,,,,,,,,,,,
1499,3,3,,,,,,,,,,,
1500,2,2,,,,,,,,,,,
1501,3,2,,,,,,,,,,,
1502,2,1,,,,,,,,,,,
1503,1,1,,,,,,,,,,,
1504,3,2,,,,,,,,,,,
1505,2,2,,,,,,,,,,,
1506,1,4,,,,,,,,,,,
1507,1,2,,,,,,,,,,,
1508,2,1,,,,,,,,,,,
1509,1,2,,,,,,,,,,,
1510,1,1,,,,,,,,,,,
1511,3,2,,,,,,,,,,,
1512,2,2,,,,,,,,,,,
1513,3,3,,,,,,,,,,,
1515,2,1,,,,,,,,,,,
1516,3,2,,,,,,,,,,,
1517,1,4,,,,,,,,,,,
1518,1,2,,,,,,,,,,,
1519,2,4,,,,,,,,,,,
1520,2,4,,,,,,,,,,,
1521,3,4,,,,,,,,,,,
1522,2,2,,,,,,,,,,,
1523,2,1,,,,,,,,,,,
1524,3,4,,,,,,,,,,,
1525,2,1,,,,,,,,,,,
1526,2,2,,,,,,,,,,,
1527,2,4,,,,,,,,,,,
1528,3,3,,,,,,,,,,,
1529,1,1,,,,,,,,,,,
1530,1,1,,,,,,,,,,,
1531,2,2,,,,,,,,,,,
1532,2,1,,,,,,,,,,,
1533,2,1,,,,,,,,,,,
1534,2,0,,,,,,,,,,,
1535,3,3,,,,,,,,,,,
1536,2,1,,,,,,,,,,,
1537,2,2,,,,,,,,,,,
1538,2,1,,,,,,,,,,,
1539,2,1,,,,,,,,,,,
1540,2,4,,,,,,,,,,,
1541,2,2,,,,,,,,,,,
1542,3,4,,,,,,,,,,,
1543,2,2,,,,,,,,,,,
1544,3,2,,,,,,,,,,,
1545,0,4,,,,,,,,,,,
1546,2,2,,,,,,,,,,,
1547,2,1,,,,,,,,,,,
1548,1,1,,,,,,,,,,,
1549,2,1,,,,,,,,,,,
1550,2,1,,,,,,,,,,,
1551,3,3,,,,,,,,,,,
1552,2,2,,,,,,,,,,,
1553,2,2,,,,,,,,,,,
1554,3,4,,,,,,,,,,,
1555,3,3,,,,,,,,,,,
1556,2,2,,,,,,,,,,,
1557,1,4,,,,,,,,,,,
1558,2,2,,,,,,,,,,,
1559,3,3,,,,,,,,,,,
1561,2,4,,,,,,,,,,,
1563,0,2,,,,,,,,,,,
1564,1,1,,,,,,,,,,,
1565,3,3,,,,,,,,,,,
1566,3,3,,,,,,,,,,,
1567,3,4,,,,,,,,,,,
1568,3,4,,,,,,,,,,,
1569,3,3,,,,,,,,,,,
1570,2,4,,,,,,,,,,,
1571,3,4,,,,,,,,,,,
1572,1,1,,,,,,,,,,,
1573,3,3,,,,,,,,,,,
1575,2,1,,,,,,,,,,,
1576,1,1,,,,,,,,,,,
1577,1,4,,,,,,,,,,,
1578,3,3,,,,,,,,,,,
1579,3,2,,,,,,,,,,,
1580,2,4,,,,,,,,,,,
1581,2,2,,,,,,,,,,,
1582,2,2,,,,,,,,,,,
1583,1,1,,,,,,,,,,,
1584,3,4,,,,,,,,,,,
1585,2,4,,,,,,,,,,,
1586,2,2,,,,,,,,,,,
1587,3,4,,,,,,,,,,,
1588,2,1,,,,,,,,,,,
1589,2,4,,,,,,,,,,,
1590,2,1,,,,,,,,,,,
1591,3,3,,,,,,,,,,,
1592,2,2,,,,,,,,,,,
1593,1,1,,,,,,,,,,,
1594,3,3,,,,,,,,,,,
1595,1,1,,,,,,,,,,,
1596,3,2,,,,,,,,,,,
1597,2,1,,,,,,,,,,,
1598,2,1,,,,,,,,,,,
1599,3,4,,,,,,,,,,,
1600,2,2,,,,,,,,,,,
1601,2,2,,,,,,,,,,,
1602,1,1,,,,,,,,,,,
1603,2,4,,,,,,,,,,,
1604,2,2,,,,,,,,,,,
1605,2,2,,,,,,,,,,,
1606,3,2,,,,,,,,,,,
1607,0,4,,,,,,,,,,,
1608,3,2,,,,,,,,,,,
1609,2,1,,,,,,,,,,,
1610,3,2,,,,,,,,,,,
1611,1,4,,,,,,,,,,,
1612,3,4,,,,,,,,,,,
1613,2,2,,,,,,,,,,,
1614,2,2,,,,,,,,,,,
1615,3,2,,,,,,,,,,,
1616,3,3,,,,,,,,,,,
1617,3,4,,,,,,,,,,,
1618,1,2,,,,,,,,,,,
1619,2,1,,,,,,,,,,,
1620,3,4,,,,,,,,,,,
1621,1,4,,,,,,,,,,,
1622,1,2,,,,,,,,,,,
1623,1,1,,,,,,,,,,,
1624,2,1,,,,,,,,,,,
1625,2,2,,,,,,,,,,,
1626,1,1,,,,,,,,,,,
1627,1,4,,,,,,,,,,,
1628,1,4,,,,,,,,,,,
1629,3,3,,,,,,,,,,,
1630,1,1,,,,,,,,,,,
1631,2,4,,,,,,,,,,,
1632,1,1,,,,,,,,,,,
1633,2,2,,,,,,,,,,,
1634,1,1,,,,,,,,,,,
1635,1,1,,,,,,,,,,,
1636,3,2,,,,,,,,,,,
1637,1,2,,,,,,,,,,,
1638,2,1,,,,,,,,,,,
1639,2,1,,,,,,,,,,,
1640,3,3,,,,,,,,,,,
1641,3,2,,,,,,,,,,,
1642,2,1,,,,,,,,,,,
1643,0,4,,,,,,,,,,,
1644,2,1,,,,,,,,,,,
1645,2,2,,,,,,,,,,,
1646,2,2,,,,,,,,,,,
1647,2,1,,,,,,,,,,,
1648,3,3,,,,,,,,,,,
1649,1,1,,,,,,,,,,,
1650,1,1,,,,,,,,,,,
1651,2,1,,,,,,,,,,,
1652,1,2,,,,,,,,,,,
1653,3,4,,,,,,,,,,,
1654,1,0,,,,,,,,,,,
1655,3,4,,,,,,,,,,,
1656,2,2,,,,,,,,,,,
1657,2,4,,,,,,,,,,,
1658,3,4,,,,,,,,,,,
1659,0,4,,,,,,,,,,,
1660,2,2,,,,,,,,,,,
1661,1,2,,,,,,,,,,,
1662,2,2,,,,,,,,,,,
1663,3,3,,,,,,,,,,,
1664,2,2,,,,,,,,,,,
1665,0,0,,,,,,,,,,,
1666,1,4,,,,,,,,,,,
1667,1,1,,,,,,,,,,,
1668,3,2,,,,,,,,,,,
1669,3,3,,,,,,,,,,,
1670,2,2,,,,,,,,,,,
1671,3,3,,,,,,,,,,,
1672,2,1,,,,,,,,,,,
1673,2,1,,,,,,,,,,,
1674,2,2,,,,,,,,,,,
1675,3,4,,,,,,,,,,,
1676,1,2,,,,,,,,,,,
1677,3,3,,,,,,,,,,,
1678,2,0,,,,,,,,,,,
1679,2,2,,,,,,,,,,,
1680,2,2,,,,,,,,,,,
1681,3,2,,,,,,,,,,,
1682,3,3,,,,,,,,,,,
1683,2,2,,,,,,,,,,,
1684,3,3,,,,,,,,,,,
1685,2,1,,,,,,,,,,,
1686,2,2,,,,,,,,,,,
1687,2,2,,,,,,,,,,,
1688,1,1,,,,,,,,,,,
1689,2,2,,,,,,,,,,,
1690,3,4,,,,,,,,,,,
1691,2,1,,,,,,,,,,,
1692,2,2,,,,,,,,,,,
1693,1,2,,,,,,,,,,,
1694,1,4,,,,,,,,,,,
1695,3,4,,,,,,,,,,,
1696,3,2,,,,,,,,,,,
1697,2,1,,,,,,,,,,,
1698,0,0,,,,,,,,,,,
1699,1,1,,,,,,,,,,,
1700,1,4,,,,,,,,,,,
1701,2,4,,,,,,,,,,,
1702,1,1,,,,,,,,,,,
1703,2,1,,,,,,,,,,,
1704,3,2,,,,,,,,,,,
1705,2,2,,,,,,,,,,,
1706,3,2,,,,,,,,,,,
1707,2,2,,,,,,,,,,,
1708,2,1,,,,,,,,,,,
1709,2,3,,,,,,,,,,,
1710,2,1,,,,,,,,,,,
1711,0,1,,,,,,,,,,,
1712,2,1,,,,,,,,,,,
1713,3,4,,,,,,,,,,,
1715,3,4,,,,,,,,,,,
1716,2,4,,,,,,,,,,,
1717,0,4,,,,,,,,,,,
1718,2,2,,,,,,,,,,,
1719,1,1,,,,,,,,,,,
1720,2,1,,,,,,,,,,,
1721,2,2,,,,,,,,,,,
1722,2,1,,,,,,,,,,,
1723,2,2,,,,,,,,,,,
1724,1,1,,,,,,,,,,,
1725,2,1,,,,,,,,,,,
1726,3,4,,,,,,,,,,,
1727,2,1,,,,,,,,,,,
1728,0,1,,,,,,,,,,,
1729,0,4,,,,,,,,,,,
1730,1,4,,,,,,,,,,,
1731,1,1,,,,,,,,,,,
1733,2,2,,,,,,,,,,,
1734,3,3,,,,,,,,,,,
1735,2,2,,,,,,,,,,,
1736,1,1,,,,,,,,,,,
1737,2,1,,,,,,,,,,,
1738,1,1,,,,,,,,,,,
1739,2,4,,,,,,,,,,,
1740,2,1,,,,,,,,,,,
1741,3,3,,,,,,,,,,,
1742,2,1,,,,,,,,,,,
1743,2,2,,,,,,,,,,,
1744,2,1,,,,,,,,,,,
1745,3,3,,,,,,,,,,,
1746,0,1,,,,,,,,,,,
1747,1,1,,,,,,,,,,,
1748,1,1,,,,,,,,,,,
1749,2,2,,,,,,,,,,,
1750,1,1,,,,,,,,,,,
1751,3,3,,,,,,,,,,,
1752,2,2,,,,,,,,,,,
1753,0,1,,,,,,,,,,,
1754,2,2,,,,,,,,,,,
1755,3,3,,,,,,,,,,,
1756,2,1,,,,,,,,,,,
1757,2,4,,,,,,,,,,,
1758,2,1,,,,,,,,,,,
1759,2,2,,,,,,,,,,,
1760,1,1,,,,,,,,,,,
1761,1,1,,,,,,,,,,,
1762,2,2,,,,,,,,,,,
1763,3,3,,,,,,,,,,,
1764,2,2,,,,,,,,,,,
1765,2,2,,,,,,,,,,,
1766,2,2,,,,,,,,,,,
1767,1,1,,,,,,,,,,,
1768,1,1,,,,,,,,,,,
1769,3,4,,,,,,,,,,,
1770,3,2,,,,,,,,,,,
1771,2,1,,,,,,,,,,,
1772,2,1,,,,,,,,,,,
1773,3,4,,,,,,,,,,,
1774,2,1,,,,,,,,,,,
1775,3,2,,,,,,,,,,,
1776,2,2,,,,,,,,,,,
1777,3,1,,,,,,,,,,,
1778,1,1,,,,,,,,,,,
1779,0,1,,,,,,,,,,,
1780,2,2,,,,,,,,,,,
1781,3,4,,,,,,,,,,,
1782,3,3,,,,,,,,,,,
1783,2,2,,,,,,,,,,,
1784,1,1,,,,,,,,,,,
1785,3,3,,,,,,,,,,,
1786,3,2,,,,,,,,,,,
1787,2,1,,,,,,,,,,,
1789,2,4,,,,,,,,,,,
1790,1,1,,,,,,,,,,,
1791,3,3,,,,,,,,,,,
1792,1,1,,,,,,,,,,,
1793,1,1,,,,,,,,,,,
1794,2,2,,,,,,,,,,,
1795,2,2,,,,,,,,,,,
1796,2,1,,,,,,,,,,,
1797,1,1,,,,,,,,,,,
1798,2,2,,,,,,,,,,,
1799,2,1,,,,,,,,,,,
1800,3,4,,,,,,,,,,,
1801,2,1,,,,,,,,,,,
1802,1,4,,,,,,,,,,,
1803,2,1,,,,,,,,,,,
1804,3,3,,,,,,,,,,,
1805,2,1,,,,,,,,,,,
1806,3,3,,,,,,,,,,,
1807,3,3,,,,,,,,,,,
1808,2,4,,,,,,,,,,,
1809,3,4,,,,,,,,,,,
1810,0,1,,,,,,,,,,,
1811,2,4,,,,,,,,,,,
1812,3,3,,,,,,,,,,,
1813,3,2,,,,,,,,,,,
1814,1,1,,,,,,,,,,,
1815,3,3,,,,,,,,,,,
1816,2,4,,,,,,,,,,,
1817,2,2,,,,,,,,,,,
1818,2,2,,,,,,,,,,,
1819,3,4,,,,,,,,,,,
1820,3,4,,,,,,,,,,,
1821,1,1,,,,,,,,,,,
1822,0,1,,,,,,,,,,,
1823,2,1,,,,,,,,,,,
1824,2,1,,,,,,,,,,,
1825,2,2,,,,,,,,,,,
1826,3,2,,,,,,,,,,,
1827,2,1,,,,,,,,,,,
1828,2,1,,,,,,,,,,,
1829,1,1,,,,,,,,,,,
1830,3,3,,,,,,,,,,,
1831,3,0,,,,,,,,,,,
1832,3,2,,,,,,,,,,,
1833,1,1,,,,,,,,,,,
1834,3,2,,,,,,,,,,,
1835,1,1,,,,,,,,,,,
1836,2,4,,,,,,,,,,,
1837,3,3,,,,,,,,,,,
1838,2,1,,,,,,,,,,,
1840,2,1,,,,,,,,,,,
1841,2,4,,,,,,,,,,,
1842,2,2,,,,,,,,,,,
1843,3,2,,,,,,,,,,,
1844,2,4,,,,,,,,,,,
1845,3,4,,,,,,,,,,,
1846,3,2,,,,,,,,,,,
1847,1,2,,,,,,,,,,,
1848,2,1,,,,,,,,,,,
1849,0,4,,,,,,,,,,,
1850,1,1,,,,,,,,,,,
1851,3,3,,,,,,,,,,,
1852,2,2,,,,,,,,,,,
1853,2,1,,,,,,,,,,,
1854,0,1,,,,,,,,,,,
1855,1,1,,,,,,,,,,,
1856,2,3,,,,,,,,,,,
1857,2,2,,,,,,,,,,,
1858,3,4,,,,,,,,,,,
1859,0,1,,,,,,,,,,,
1860,2,1,,,,,,,,,,,
1861,2,2,,,,,,,,,,,
1862,3,3,,,,,,,,,,,
1863,3,4,,,,,,,,,,,
1864,2,2,,,,,,,,,,,
1865,3,3,,,,,,,,,,,
1866,3,4,,,,,,,,,,,
1867,1,4,,,,,,,,,,,
1868,2,2,,,,,,,,,,,
1869,1,2,,,,,,,,,,,
1870,1,1,,,,,,,,,,,
1871,2,2,,,,,,,,,,,
1872,3,4,,,,,,,,,,,
1873,0,4,,,,,,,,,,,
1874,1,4,,,,,,,,,,,
1875,1,1,,,,,,,,,,,
1876,2,4,,,,,,,,,,,
1877,1,1,,,,,,,,,,,
1878,2,1,,,,,,,,,,,
1879,2,1,,,,,,,,,,,
1880,0,4,,,,,,,,,,,
1881,2,2,,,,,,,,,,,
1882,2,2,,,,,,,,,,,
1883,2,2,,,,,,,,,,,
1884,2,2,,,,,,,,,,,
1885,2,1,,,,,,,,,,,
1886,2,1,,,,,,,,,,,
1887,2,1,,,,,,,,,,,
1889,1,1,,,,,,,,,,,
1890,2,2,,,,,,,,,,,
1891,2,2,,,,,,,,,,,
1892,3,3,,,,,,,,,,,
1893,2,2,,,,,,,,,,,
1894,3,4,,,,,,,,,,,
1895,3,2,,,,,,,,,,,
1896,2,2,,,,,,,,,,,
1897,3,3,,,,,,,,,,,
1898,3,1,,,,,,,,,,,
1899,2,2,,,,,,,,,,,
1900,0,0,,,,,,,,,,,
1901,2,2,,,,,,,,,,,
1902,3,3,,,,,,,,,,,
1903,2,4,,,,,,,,,,,
1904,2,1,,,,,,,,,,,
1905,2,2,,,,,,,,,,,
1906,3,3,,,,,,,,,,,
1907,3,3,,,,,,,,,,,
1908,0,4,,,,,,,,,,,
1909,2,1,,,,,,,,,,,
1910,1,1,,,,,,,,,,,
1911,2,2,,,,,,,,,,,
1912,2,1,,,,,,,,,,,
1913,3,3,,,,,,,,,,,
1914,1,4,,,,,,,,,,,
1915,2,1,,,,,,,,,,,
1916,3,2,,,,,,,,,,,
1917,1,1,,,,,,,,,,,
1918,2,2,,,,,,,,,,,
1919,3,3,,,,,,,,,,,
1920,3,3,,,,,,,,,,,
1921,2,2,,,,,,,,,,,
1922,0,1,,,,,,,,,,,
1923,3,4,,,,,,,,,,,
1924,3,1,,,,,,,,,,,
1925,2,2,,,,,,,,,,,
1926,2,2,,,,,,,,,,,
1927,3,3,,,,,,,,,,,
1928,1,1,,,,,,,,,,,
1929,3,3,,,,,,,,,,,
1930,2,1,,,,,,,,,,,
1931,2,1,,,,,,,,,,,
1932,3,3,,,,,,,,,,,
1933,3,3,,,,,,,,,,,
1934,3,2,,,,,,,,,,,
1935,2,2,,,,,,,,,,,
1936,1,1,,,,,,,,,,,
1937,2,1,,,,,,,,,,,
1938,3,2,,,,,,,,,,,
1939,1,4,,,,,,,,,,,
1940,1,4,,,,,,,,,,,
1941,2,1,,,,,,,,,,,
1942,2,4,,,,,,,,,,,
1943,1,1,,,,,,,,,,,
1944,3,3,,,,,,,,,,,
1945,2,2,,,,,,,,,,,
1946,1,4,,,,,,,,,,,
1947,2,2,,,,,,,,,,,
1948,3,3,,,,,,,,,,,
1949,2,1,,,,,,,,,,,
1950,2,1,,,,,,,,,,,
1951,3,2,,,,,,,,,,,
1952,3,2,,,,,,,,,,,
1953,2,1,,,,,,,,,,,
1954,1,1,,,,,,,,,,,
1955,1,1,,,,,,,,,,,
1956,3,3,,,,,,,,,,,
1957,1,1,,,,,,,,,,,
1958,2,1,,,,,,,,,,,
1959,3,2,,,,,,,,,,,
1960,2,2,,,,,,,,,,,
1961,2,2,,,,,,,,,,,
1962,3,3,,,,,,,,,,,
1963,2,2,,,,,,,,,,,
1964,2,4,,,,,,,,,,,
1965,2,1,,,,,,,,,,,
1966,3,2,,,,,,,,,,,
1967,2,2,,,,,,,,,,,
1968,2,1,,,,,,,,,,,
1969,2,1,,,,,,,,,,,
1970,3,3,,,,,,,,,,,
1971,3,1,,,,,,,,,,,
1972,3,3,,,,,,,,,,,
1973,2,2,,,,,,,,,,,
1974,3,3,,,,,,,,,,,
1975,2,2,,,,,,,,,,,
1976,1,4,,,,,,,,,,,
1977,1,1,,,,,,,,,,,
1978,3,2,,,,,,,,,,,
1979,1,1,,,,,,,,,,,
1980,1,1,,,,,,,,,,,
1981,2,1,,,,,,,,,,,
1982,2,2,,,,,,,,,,,
1983,2,1,,,,,,,,,,,
1984,3,3,,,,,,,,,,,
1985,0,1,,,,,,,,,,,
1986,0,4,,,,,,,,,,,
1987,2,2,,,,,,,,,,,
1988,2,2,,,,,,,,,,,
1989,2,1,,,,,,,,,,,
1991,1,1,,,,,,,,,,,
1992,1,4,,,,,,,,,,,
1993,2,1,,,,,,,,,,,
1994,0,1,,,,,,,,,,,
1995,1,4,,,,,,,,,,,
1996,3,2,,,,,,,,,,,
1997,3,2,,,,,,,,,,,
1998,0,1,,,,,,,,,,,
1999,3,1,,,,,,,,,,,
2000,2,1,,,,,,,,,,,
2001,2,2,,,,,,,,,,,
2002,1,4,,,,,,,,,,,
2003,1,1,,,,,,,,,,,
2004,1,4,,,,,,,,,,,
2005,2,2,,,,,,,,,,,
2006,1,1,,,,,,,,,,,
2007,1,1,,,,,,,,,,,
2008,2,1,,,,,,,,,,,
2009,1,1,,,,,,,,,,,
2010,2,1,,,,,,,,,,,
2011,2,2,,,,,,,,,,,
2012,3,2,,,,,,,,,,,
2013,3,2,,,,,,,,,,,
2014,3,3,,,,,,,,,,,
2015,2,1,,,,,,,,,,,
2016,2,2,,,,,,,,,,,
2017,1,2,,,,,,,,,,,
2018,3,4,,,,,,,,,,,
2019,2,1,,,,,,,,,,,
2020,1,1,,,,,,,,,,,
2021,3,2,,,,,,,,,,,
2022,1,1,,,,,,,,,,,
2023,1,4,,,,,,,,,,,
2024,1,1,,,,,,,,,,,
2025,1,1,,,,,,,,,,,
2026,2,2,,,,,,,,,,,
2027,3,4,,,,,,,,,,,
2028,2,1,,,,,,,,,,,
2029,2,4,,,,,,,,,,,
2030,2,2,,,,,,,,,,,
2031,2,2,,,,,,,,,,,
2032,1,4,,,,,,,,,,,
2033,3,3,,,,,,,,,,,
2034,3,3,,,,,,,,,,,
2035,2,2,,,,,,,,,,,
2036,2,1,,,,,,,,,,,
2037,1,1,,,,,,,,,,,
2038,3,3,,,,,,,,,,,
2039,1,1,,,,,,,,,,,
2040,3,2,,,,,,,,,,,
2041,2,1,,,,,,,,,,,
2042,1,1,,,,,,,,,,,
2043,2,1,,,,,,,,,,,
2044,1,2,,,,,,,,,,,
2045,3,3,,,,,,,,,,,
2046,1,1,,,,,,,,,,,
2047,1,2,,,,,,,,,,,
2048,1,1,,,,,,,,,,,
2049,2,2,,,,,,,,,,,
2050,1,1,,,,,,,,,,,
2051,3,2,,,,,,,,,,,
2052,3,3,,,,,,,,,,,
2053,2,2,,,,,,,,,,,
2054,2,4,,,,,,,,,,,
2055,3,3,,,,,,,,,,,
2056,2,2,,,,,,,,,,,
2057,2,1,,,,,,,,,,,
2058,1,1,,,,,,,,,,,
2059,1,2,,,,,,,,,,,
2060,2,4,,,,,,,,,,,
2061,1,1,,,,,,,,,,,
2062,2,4,,,,,,,,,,,
2063,3,2,,,,,,,,,,,
2064,2,1,,,,,,,,,,,
2065,3,4,,,,,,,,,,,
2066,0,1,,,,,,,,,,,
2068,2,1,,,,,,,,,,,
2069,3,4,,,,,,,,,,,
2070,2,4,,,,,,,,,,,
2071,3,2,,,,,,,,,,,
2072,2,1,,,,,,,,,,,
2073,2,2,,,,,,,,,,,
2074,2,2,,,,,,,,,,,
2075,3,3,,,,,,,,,,,
2076,2,1,,,,,,,,,,,
2077,2,1,,,,,,,,,,,
2078,1,1,,,,,,,,,,,
2079,0,4,,,,,,,,,,,
2080,1,1,,,,,,,,,,,
2081,2,2,,,,,,,,,,,
2082,3,4,,,,,,,,,,,
2083,2,1,,,,,,,,,,,
2084,3,3,,,,,,,,,,,
2085,1,1,,,,,,,,,,,
2086,3,3,,,,,,,,,,,
2087,2,2,,,,,,,,,,,
2088,2,1,,,,,,,,,,,
2089,3,4,,,,,,,,,,,
2090,2,2,,,,,,,,,,,
2091,3,4,,,,,,,,,,,
2092,1,1,,,,,,,,,,,
2093,3,2,,,,,,,,,,,
2094,0,1,,,,,,,,,,,
2095,3,2,,,,,,,,,,,
2096,3,2,,,,,,,,,,,
2097,1,2,,,,,,,,,,,
2098,0,4,,,,,,,,,,,
2099,1,1,,,,,,,,,,,
2100,2,2,,,,,,,,,,,
2101,2,4,,,,,,,,,,,
2103,2,2,,,,,,,,,,,
2104,1,4,,,,,,,,,,,
2105,1,1,,,,,,,,,,,
2106,2,2,,,,,,,,,,,
2107,2,2,,,,,,,,,,,
2108,3,3,,,,,,,,,,,
2109,3,2,,,,,,,,,,,
2110,3,3,,,,,,,,,,,
2111,3,3,,,,,,,,,,,
2112,2,2,,,,,,,,,,,
2113,1,1,,,,,,,,,,,
2114,1,2,,,,,,,,,,,
2115,2,0,,,,,,,,,,,
2116,1,1,,,,,,,,,,,
2117,3,3,,,,,,,,,,,
2118,0,0,,,,,,,,,,,
2119,1,2,,,,,,,,,,,
2120,0,0,,,,,,,,,,,
2121,1,4,,,,,,,,,,,
2122,0,4,,,,,,,,,,,
2123,1,1,,,,,,,,,,,
2124,3,3,,,,,,,,,,,
2125,2,2,,,,,,,,,,,
2126,2,2,,,,,,,,,,,
2127,2,2,,,,,,,,,,,
2128,1,2,,,,,,,,,,,
2129,3,4,,,,,,,,,,,
2130,2,1,,,,,,,,,,,
2131,2,2,,,,,,,,,,,
2132,2,2,,,,,,,,,,,
2133,0,1,,,,,,,,,,,
2134,2,2,,,,,,,,,,,
2135,2,2,,,,,,,,,,,
2136,3,3,,,,,,,,,,,
2137,2,1,,,,,,,,,,,
2138,3,3,,,,,,,,,,,
2139,3,3,,,,,,,,,,,
2140,2,4,,,,,,,,,,,
2141,2,2,,,,,,,,,,,
2142,3,3,,,,,,,,,,,
2143,2,1,,,,,,,,,,,
2144,3,3,,,,,,,,,,,
2145,2,1,,,,,,,,,,,
2146,2,2,,,,,,,,,,,
2147,2,2,,,,,,,,,,,
2148,3,4,,,,,,,,,,,
2149,0,4,,,,,,,,,,,
2150,2,1,,,,,,,,,,,
2151,2,2,,,,,,,,,,,
2152,1,1,,,,,,,,,,,
2155,1,1,,,,,,,,,,,
2156,1,2,,,,,,,,,,,
2157,3,3,,,,,,,,,,,
2158,2,1,,,,,,,,,,,
2159,1,1,,,,,,,,,,,
2160,0,4,,,,,,,,,,,
2161,2,4,,,,,,,,,,,
2162,2,2,,,,,,,,,,,
2163,1,1,,,,,,,,,,,
2164,2,1,,,,,,,,,,,
2165,1,1,,,,,,,,,,,
2166,2,1,,,,,,,,,,,
2167,2,2,,,,,,,,,,,
2168,2,2,,,,,,,,,,,
2169,3,4,,,,,,,,,,,
2170,2,1,,,,,,,,,,,
2171,3,2,,,,,,,,,,,
2172,3,0,,,,,,,,,,,
2173,2,4,,,,,,,,,,,
2174,1,2,,,,,,,,,,,
2175,2,1,,,,,,,,,,,
2176,2,4,,,,,,,,,,,
2177,1,1,,,,,,,,,,,
2178,1,4,,,,,,,,,,,
2179,1,2,,,,,,,,,,,
2180,2,1,,,,,,,,,,,
2181,3,3,,,,,,,,,,,
2182,2,1,,,,,,,,,,,
2183,2,2,,,,,,,,,,,
2184,2,2,,,,,,,,,,,
2185,1,1,,,,,,,,,,,
2186,2,2,,,,,,,,,,,
2187,2,2,,,,,,,,,,,
2188,2,4,,,,,,,,,,,
2189,2,1,,,,,,,,,,,
2190,2,2,,,,,,,,,,,
2191,0,4,,,,,,,,,,,
2192,2,2,,,,,,,,,,,
2193,3,4,,,,,,,,,,,
2194,0,1,,,,,,,,,,,
2195,3,1,,,,,,,,,,,
2196,2,2,,,,,,,,,,,
2197,1,1,,,,,,,,,,,
2198,3,3,,,,,,,,,,,
2199,2,2,,,,,,,,,,,
2200,3,2,,,,,,,,,,,
2201,2,4,,,,,,,,,,,
2202,2,2,,,,,,,,,,,
2203,2,1,,,,,,,,,,,
2204,2,4,,,,,,,,,,,
2205,2,1,,,,,,,,,,,
2206,3,4,,,,,,,,,,,
2207,1,1,,,,,,,,,,,
2208,3,3,,,,,,,,,,,
2209,3,2,,,,,,,,,,,
2210,2,2,,,,,,,,,,,
2211,0,2,,,,,,,,,,,
2212,1,2,,,,,,,,,,,
2213,2,2,,,,,,,,,,,
2214,2,4,,,,,,,,,,,
2215,2,2,,,,,,,,,,,
2216,2,2,,,,,,,,,,,
2217,3,4,,,,,,,,,,,
2218,2,2,,,,,,,,,,,
2219,2,2,,,,,,,,,,,
2220,2,2,,,,,,,,,,,
2221,2,4,,,,,,,,,,,
2222,3,3,,,,,,,,,,,
2223,2,2,,,,,,,,,,,
2224,1,1,,,,,,,,,,,
2225,1,1,,,,,,,,,,,
2226,2,1,,,,,,,,,,,
2227,2,1,,,,,,,,,,,
2228,2,2,,,,,,,,,,,
2229,1,1,,,,,,,,,,,
2230,1,2,,,,,,,,,,,
2231,2,2,,,,,,,,,,,
2232,1,2,,,,,,,,,,,
2233,1,4,,,,,,,,,,,
2234,3,3,,,,,,,,,,,
2235,2,1,,,,,,,,,,,
2236,3,2,,,,,,,,,,,
2237,2,2,,,,,,,,,,,
2238,3,4,,,,,,,,,,,
2239,1,2,,,,,,,,,,,
2240,3,4,,,,,,,,,,,
2241,3,3,,,,,,,,,,,
2242,3,4,,,,,,,,,,,
2243,2,2,,,,,,,,,,,
2244,2,2,,,,,,,,,,,
2245,2,2,,,,,,,,,,,
2246,2,4,,,,,,,,,,,
2247,1,1,,,,,,,,,,,
2248,3,3,,,,,,,,,,,
2249,3,3,,,,,,,,,,,
2250,2,2,,,,,,,,,,,
2251,3,3,,,,,,,,,,,
2252,1,1,,,,,,,,,,,
2253,1,1,,,,,,,,,,,
2254,1,2,,,,,,,,,,,
2255,1,1,,,,,,,,,,,
2256,3,4,,,,,,,,,,,
2257,2,1,,,,,,,,,,,
2258,0,1,,,,,,,,,,,
2259,1,1,,,,,,,,,,,
2260,3,4,,,,,,,,,,,
2261,1,4,,,,,,,,,,,
2262,1,1,,,,,,,,,,,
2263,2,2,,,,,,,,,,,
2264,2,1,,,,,,,,,,,
2265,2,2,,,,,,,,,,,
2266,1,1,,,,,,,,,,,
2267,3,3,,,,,,,,,,,
2268,2,2,,,,,,,,,,,
2269,3,4,,,,,,,,,,,
2270,3,2,,,,,,,,,,,
2271,3,3,,,,,,,,,,,
2272,3,4,,,,,,,,,,,
2273,3,3,,,,,,,,,,,
2274,3,4,,,,,,,,,,,
2275,2,2,,,,,,,,,,,
2276,0,1,,,,,,,,,,,
2277,1,4,,,,,,,,,,,
2278,1,1,,,,,,,,,,,
2279,0,4,,,,,,,,,,,
2280,2,2,,,,,,,,,,,
2281,3,3,,,,,,,,,,,
2282,2,2,,,,,,,,,,,
2283,2,2,,,,,,,,,,,
2284,2,4,,,,,,,,,,,
2285,2,2,,,,,,,,,,,
2286,1,1,,,,,,,,,,,
2287,1,1,,,,,,,,,,,
2288,2,2,,,,,,,,,,,
2289,3,1,,,,,,,,,,,
2290,3,3,,,,,,,,,,,
2291,2,4,,,,,,,,,,,
2294,2,2,,,,,,,,,,,
2295,1,1,,,,,,,,,,,
2296,3,3,,,,,,,,,,,
2297,3,4,,,,,,,,,,,
2298,2,2,,,,,,,,,,,
2299,2,2,,,,,,,,,,,
2300,1,1,,,,,,,,,,,
2301,3,3,,,,,,,,,,,
2302,2,2,,,,,,,,,,,
2303,2,2,,,,,,,,,,,
2304,2,4,,,,,,,,,,,
2305,3,2,,,,,,,,,,,
2306,3,3,,,,,,,,,,,
2307,3,4,,,,,,,,,,,
2308,2,2,,,,,,,,,,,
2309,3,1,,,,,,,,,,,
2310,2,1,,,,,,,,,,,
2311,1,1,,,,,,,,,,,
2312,2,1,,,,,,,,,,,
2313,3,3,,,,,,,,,,,
2314,3,3,,,,,,,,,,,
2316,2,2,,,,,,,,,,,
2317,1,4,,,,,,,,,,,
2318,3,3,,,,,,,,,,,
2319,1,1,,,,,,,,,,,
2320,2,1,,,,,,,,,,,
2321,2,4,,,,,,,,,,,
2322,3,4,,,,,,,,,,,
2323,2,1,,,,,,,,,,,
2324,2,2,,,,,,,,,,,
2325,1,1,,,,,,,,,,,
2326,1,1,,,,,,,,,,,
2327,1,1,,,,,,,,,,,
2328,1,1,,,,,,,,,,,
2329,1,4,,,,,,,,,,,
2330,3,1,,,,,,,,,,,
2331,3,4,,,,,,,,,,,
2332,2,1,,,,,,,,,,,
2333,2,1,,,,,,,,,,,
2335,2,2,,,,,,,,,,,
2336,2,2,,,,,,,,,,,
2337,3,2,,,,,,,,,,,
2338,1,1,,,,,,,,,,,
2340,2,2,,,,,,,,,,,
2341,2,2,,,,,,,,,,,
2342,2,0,,,,,,,,,,,
2343,2,2,,,,,,,,,,,
2344,2,1,,,,,,,,,,,
2345,0,4,,,,,,,,,,,
2346,2,2,,,,,,,,,,,
2347,2,2,,,,,,,,,,,
2348,2,2,,,,,,,,,,,
2349,2,2,,,,,,,,,,,
2350,2,1,,,,,,,,,,,
2351,3,4,,,,,,,,,,,
2352,3,1,,,,,,,,,,,
2353,2,2,,,,,,,,,,,
2354,2,1,,,,,,,,,,,
2355,2,2,,,,,,,,,,,
2356,2,2,,,,,,,,,,,
2357,2,4,,,,,,,,,,,
2358,1,2,,,,,,,,,,,
2359,2,1,,,,,,,,,,,
2360,1,4,,,,,,,,,,,
2361,2,2,,,,,,,,,,,
2362,2,2,,,,,,,,,,,
2364,3,3,,,,,,,,,,,
2365,1,4,,,,,,,,,,,
2366,3,4,,,,,,,,,,,
2367,2,1,,,,,,,,,,,
2368,1,1,,,,,,,,,,,
2369,3,3,,,,,,,,,,,
2370,2,1,,,,,,,,,,,
2371,2,1,,,,,,,,,,,
2372,3,3,,,,,,,,,,,
2373,3,3,,,,,,,,,,,
2374,1,1,,,,,,,,,,,
2375,2,1,,,,,,,,,,,
2376,3,2,,,,,,,,,,,
2377,2,4,,,,,,,,,,,
2378,3,0,,,,,,,,,,,
2379,2,2,,,,,,,,,,,
2380,2,2,,,,,,,,,,,
2381,3,4,,,,,,,,,,,
2382,2,2,,,,,,,,,,,
2383,1,1,,,,,,,,,,,
2384,2,1,,,,,,,,,,,
2385,0,0,,,,,,,,,,,
2386,1,1,,,,,,,,,,,
2387,2,2,,,,,,,,,,,
2388,2,2,,,,,,,,,,,
2389,2,1,,,,,,,,,,,
2390,1,1,,,,,,,,,,,
2391,3,3,,,,,,,,,,,
2392,2,2,,,,,,,,,,,
2393,3,2,,,,,,,,,,,
2394,3,3,,,,,,,,,,,
2395,3,3,,,,,,,,,,,
2396,3,3,,,,,,,,,,,
2397,1,1,,,,,,,,,,,
2398,2,2,,,,,,,,,,,
2399,2,1,,,,,,,,,,,
2400,2,1,,,,,,,,,,,
2401,1,4,,,,,,,,,,,
2402,3,2,,,,,,,,,,,
2403,3,2,,,,,,,,,,,
2404,3,0,,,,,,,,,,,
2405,3,3,,,,,,,,,,,
2406,1,1,,,,,,,,,,,
2407,2,1,,,,,,,,,,,
2408,1,1,,,,,,,,,,,
2409,2,2,,,,,,,,,,,
2410,1,1,,,,,,,,,,,
2411,2,1,,,,,,,,,,,
2412,2,2,,,,,,,,,,,
2413,3,0,,,,,,,,,,,
2414,2,1,,,,,,,,,,,
2415,2,2,,,,,,,,,,,
2416,1,2,,,,,,,,,,,
2417,3,4,,,,,,,,,,,
2418,3,3,,,,,,,,,,,
2419,0,0,,,,,,,,,,,
2420,1,4,,,,,,,,,,,
2421,2,2,,,,,,,,,,,
2422,2,4,,,,,,,,,,,
2423,1,1,,,,,,,,,,,
2424,3,3,,,,,,,,,,,
2425,1,1,,,,,,,,,,,
2426,2,2,,,,,,,,,,,
2427,2,2,,,,,,,,,,,
2428,3,3,,,,,,,,,,,
2429,3,3,,,,,,,,,,,
2430,2,1,,,,,,,,,,,
2431,2,4,,,,,,,,,,,
2432,2,2,,,,,,,,,,,
2433,3,3,,,,,,,,,,,
2434,1,4,,,,,,,,,,,
2435,2,2,,,,,,,,,,,
2436,2,2,,,,,,,,,,,
2437,1,1,,,,,,,,,,,
2438,1,1,,,,,,,,,,,
2439,1,1,,,,,,,,,,,
2441,3,2,,,,,,,,,,,
2442,1,1,,,,,,,,,,,
2443,2,1,,,,,,,,,,,
2444,2,2,,,,,,,,,,,
2445,3,4,,,,,,,,,,,
2446,2,2,,,,,,,,,,,
2447,1,4,,,,,,,,,,,
2448,1,1,,,,,,,,,,,
2449,2,4,,,,,,,,,,,
2450,3,2,,,,,,,,,,,
2451,2,2,,,,,,,,,,,
2452,2,1,,,,,,,,,,,
2453,2,2,,,,,,,,,,,
2454,1,1,,,,,,,,,,,
2455,1,1,,,,,,,,,,,
2456,1,1,,,,,,,,,,,
2457,2,1,,,,,,,,,,,
2458,2,2,,,,,,,,,,,
2459,2,4,,,,,,,,,,,
2460,3,4,,,,,,,,,,,
2461,1,4,,,,,,,,,,,
2462,1,2,,,,,,,,,,,
2463,2,4,,,,,,,,,,,
2464,1,1,,,,,,,,,,,
2465,2,2,,,,,,,,,,,
2466,3,3,,,,,,,,,,,
2467,1,4,,,,,,,,,,,
2468,2,2,,,,,,,,,,,
2469,1,4,,,,,,,,,,,
2470,1,1,,,,,,,,,,,
2471,2,1,,,,,,,,,,,
2472,3,4,,,,,,,,,,,
2473,1,1,,,,,,,,,,,
2474,1,4,,,,,,,,,,,
2475,2,2,,,,,,,,,,,
2476,3,3,,,,,,,,,,,
2477,2,1,,,,,,,,,,,
2478,1,1,,,,,,,,,,,
2479,3,3,,,,,,,,,,,
2480,1,1,,,,,,,,,,,
2481,3,4,,,,,,,,,,,
2482,3,3,,,,,,,,,,,
2483,2,2,,,,,,,,,,,
2484,3,3,,,,,,,,,,,
2485,3,2,,,,,,,,,,,
2486,2,1,,,,,,,,,,,
2487,1,4,,,,,,,,,,,
2488,2,2,,,,,,,,,,,
2489,2,1,,,,,,,,,,,
2490,3,4,,,,,,,,,,,
2491,2,2,,,,,,,,,,,
2492,2,2,,,,,,,,,,,
2493,2,2,,,,,,,,,,,
2494,2,2,,,,,,,,,,,
2495,2,4,,,,,,,,,,,
2496,2,4,,,,,,,,,,,
2497,2,2,,,,,,,,,,,
2498,3,0,,,,,,,,,,,
2499,2,1,,,,,,,,,,,
2500,2,2,,,,,,,,,,,
2501,2,2,,,,,,,,,,,
2502,2,1,,,,,,,,,,,
2503,2,1,,,,,,,,,,,
2504,2,2,,,,,,,,,,,
2505,3,3,,,,,,,,,,,
2506,2,4,,,,,,,,,,,
2507,3,3,,,,,,,,,,,
2508,2,1,,,,,,,,,,,
2509,2,1,,,,,,,,,,,
2510,3,4,,,,,,,,,,,
2511,1,1,,,,,,,,,,,
2512,3,3,,,,,,,,,,,
2513,2,2,,,,,,,,,,,
2514,2,2,,,,,,,,,,,
2515,1,1,,,,,,,,,,,
2516,2,2,,,,,,,,,,,
2517,3,2,,,,,,,,,,,
2518,2,2,,,,,,,,,,,
2519,1,1,,,,,,,,,,,
2520,3,2,,,,,,,,,,,
2521,2,1,,,,,,,,,,,
2522,1,1,,,,,,,,,,,
2523,3,2,,,,,,,,,,,
2524,0,2,,,,,,,,,,,
2525,2,1,,,,,,,,,,,
2526,3,3,,,,,,,,,,,
2527,2,2,,,,,,,,,,,
2528,3,3,,,,,,,,,,,
2529,3,4,,,,,,,,,,,
2530,1,2,,,,,,,,,,,
2531,1,1,,,,,,,,,,,
2532,3,2,,,,,,,,,,,
2533,2,4,,,,,,,,,,,
2534,2,1,,,,,,,,,,,
2535,1,4,,,,,,,,,,,
2536,3,3,,,,,,,,,,,
2537,0,4,,,,,,,,,,,
2538,2,2,,,,,,,,,,,
2539,2,2,,,,,,,,,,,
2540,2,2,,,,,,,,,,,
2541,2,2,,,,,,,,,,,
2542,1,1,,,,,,,,,,,
2543,3,2,,,,,,,,,,,
2544,3,2,,,,,,,,,,,
2545,1,1,,,,,,,,,,,
2546,1,4,,,,,,,,,,,
2547,2,2,,,,,,,,,,,
2548,2,1,,,,,,,,,,,
2549,0,1,,,,,,,,,,,
2550,1,2,,,,,,,,,,,
2551,2,1,,,,,,,,,,,
2552,1,4,,,,,,,,,,,
2553,0,1,,,,,,,,,,,
2555,2,2,,,,,,,,,,,
2556,2,2,,,,,,,,,,,
2557,0,0,,,,,,,,,,,
2559,2,1,,,,,,,,,,,
2560,2,1,,,,,,,,,,,
2561,2,1,,,,,,,,,,,
2562,3,2,,,,,,,,,,,
2563,2,1,,,,,,,,,,,
2564,2,1,,,,,,,,,,,
2565,2,2,,,,,,,,,,,
2566,3,3,,,,,,,,,,,
2567,3,4,,,,,,,,,,,
2568,0,0,,,,,,,,,,,
2569,1,1,,,,,,,,,,,
2570,3,2,,,,,,,,,,,
2571,3,2,,,,,,,,,,,
2572,2,1,,,,,,,,,,,
2573,3,3,,,,,,,,,,,
2574,2,2,,,,,,,,,,,
2575,2,1,,,,,,,,,,,
2576,1,1,,,,,,,,,,,
2577,1,1,,,,,,,,,,,
2578,3,2,,,,,,,,,,,
2579,2,4,,,,,,,,,,,
2580,3,3,,,,,,,,,,,
2581,2,1,,,,,,,,,,,
2582,2,2,,,,,,,,,,,
2583,3,3,,,,,,,,,,,
2584,1,1,,,,,,,,,,,
2585,2,1,,,,,,,,,,,
2586,3,3,,,,,,,,,,,
2587,3,3,,,,,,,,,,,
2588,2,2,,,,,,,,,,,
2589,1,1,,,,,,,,,,,
2590,2,1,,,,,,,,,,,
2591,1,1,,,,,,,,,,,
2592,3,4,,,,,,,,,,,
2593,2,2,,,,,,,,,,,
2594,1,1,,,,,,,,,,,
2595,2,1,,,,,,,,,,,
2596,1,4,,,,,,,,,,,
2597,2,2,,,,,,,,,,,
2598,2,1,,,,,,,,,,,
2599,3,2,,,,,,,,,,,
2600,1,2,,,,,,,,,,,
2601,2,2,,,,,,,,,,,
2602,1,2,,,,,,,,,,,
2603,1,4,,,,,,,,,,,
2604,2,2,,,,,,,,,,,
2605,2,1,,,,,,,,,,,
2606,1,4,,,,,,,,,,,
2607,1,1,,,,,,,,,,,
2608,3,3,,,,,,,,,,,
2609,2,1,,,,,,,,,,,
2610,1,1,,,,,,,,,,,
2611,1,1,,,,,,,,,,,
2612,1,1,,,,,,,,,,,
2613,1,1,,,,,,,,,,,
2614,2,4,,,,,,,,,,,
2615,1,1,,,,,,,,,,,
2616,0,1,,,,,,,,,,,
2617,2,1,,,,,,,,,,,
2619,2,2,,,,,,,,,,,
2620,3,3,,,,,,,,,,,
2621,3,3,,,,,,,,,,,
2622,3,3,,,,,,,,,,,
2623,1,1,,,,,,,,,,,
2624,1,1,,,,,,,,,,,
2625,3,2,,,,,,,,,,,
2627,3,2,,,,,,,,,,,
2628,3,3,,,,,,,,,,,
2629,2,1,,,,,,,,,,,
2630,1,1,,,,,,,,,,,
2631,3,3,,,,,,,,,,,
2632,2,4,,,,,,,,,,,
2633,1,4,,,,,,,,,,,
2634,2,2,,,,,,,,,,,
2635,2,2,,,,,,,,,,,
2636,3,3,,,,,,,,,,,
2637,3,3,,,,,,,,,,,
2638,3,2,,,,,,,,,,,
2639,2,2,,,,,,,,,,,
2640,1,1,,,,,,,,,,,
2641,3,3,,,,,,,,,,,
2642,1,4,,,,,,,,,,,
2643,2,1,,,,,,,,,,,
2644,3,3,,,,,,,,,,,
2646,3,3,,,,,,,,,,,
2647,3,3,,,,,,,,,,,
2648,3,3,,,,,,,,,,,
2649,1,1,,,,,,,,,,,
2650,2,2,,,,,,,,,,,
2651,3,4,,,,,,,,,,,
2652,3,3,,,,,,,,,,,
2653,2,1,,,,,,,,,,,
2654,2,1,,,,,,,,,,,
2655,2,2,,,,,,,,,,,
2656,3,3,,,,,,,,,,,
2657,1,1,,,,,,,,,,,
2658,3,3,,,,,,,,,,,
2659,3,3,,,,,,,,,,,
2660,3,3,,,,,,,,,,,
2661,1,1,,,,,,,,,,,
2662,1,2,,,,,,,,,,,
2663,1,2,,,,,,,,,,,
2664,1,1,,,,,,,,,,,
2665,3,3,,,,,,,,,,,
2666,0,1,,,,,,,,,,,
2667,3,3,,,,,,,,,,,
2668,0,0,,,,,,,,,,,
2669,2,2,,,,,,,,,,,
2670,2,1,,,,,,,,,,,
2671,2,1,,,,,,,,,,,
2672,2,1,,,,,,,,,,,
2673,1,4,,,,,,,,,,,
2674,1,2,,,,,,,,,,,
2675,2,2,,,,,,,,,,,
2676,2,2,,,,,,,,,,,
2677,3,3,,,,,,,,,,,
2678,3,2,,,,,,,,,,,
2679,2,2,,,,,,,,,,,
2680,2,1,,,,,,,,,,,
2681,2,2,,,,,,,,,,,
2682,0,1,,,,,,,,,,,
2683,1,2,,,,,,,,,,,
2684,3,4,,,,,,,,,,,
2685,3,4,,,,,,,,,,,
2686,1,4,,,,,,,,,,,
2687,1,2,,,,,,,,,,,
2688,1,2,,,,,,,,,,,
2689,3,2,,,,,,,,,,,
2690,3,3,,,,,,,,,,,
2691,2,2,,,,,,,,,,,
2692,3,4,,,,,,,,,,,
2693,2,2,,,,,,,,,,,
2694,2,1,,,,,,,,,,,
2695,2,4,,,,,,,,,,,
2696,3,2,,,,,,,,,,,
2697,0,0,,,,,,,,,,,
2698,3,2,,,,,,,,,,,
2699,1,1,,,,,,,,,,,
2700,2,2,,,,,,,,,,,
2701,3,4,,,,,,,,,,,
2702,1,1,,,,,,,,,,,
2703,2,2,,,,,,,,,,,
2704,1,1,,,,,,,,,,,
2705,2,2,,,,,,,,,,,
2706,2,2,,,,,,,,,,,
2707,3,2,,,,,,,,,,,
2708,2,4,,,,,,,,,,,
2709,1,4,,,,,,,,,,,
2710,2,1,,,,,,,,,,,
2711,3,2,,,,,,,,,,,
2712,0,4,,,,,,,,,,,
2713,2,2,,,,,,,,,,,
2714,1,4,,,,,,,,,,,
2715,2,1,,,,,,,,,,,
2716,3,4,,,,,,,,,,,
2717,3,3,,,,,,,,,,,
2718,3,3,,,,,,,,,,,
2719,0,4,,,,,,,,,,,
2720,3,3,,,,,,,,,,,
2721,1,1,,,,,,,,,,,
2722,3,2,,,,,,,,,,,
2723,3,3,,,,,,,,,,,
2724,2,2,,,,,,,,,,,
2725,3,0,,,,,,,,,,,
2726,3,3,,,,,,,,,,,
2727,0,4,,,,,,,,,,,
2728,2,1,,,,,,,,,,,
2729,2,1,,,,,,,,,,,
2730,0,0,,,,,,,,,,,
2731,3,3,,,,,,,,,,,
2732,1,2,,,,,,,,,,,
2733,1,1,,,,,,,,,,,
2734,2,1,,,,,,,,,,,
2735,1,4,,,,,,,,,,,
2736,1,4,,,,,,,,,,,
2737,1,1,,,,,,,,,,,
2738,2,2,,,,,,,,,,,
2739,2,1,,,,,,,,,,,
2740,1,1,,,,,,,,,,,
2741,2,4,,,,,,,,,,,
2742,1,1,,,,,,,,,,,
2743,1,2,,,,,,,,,,,
2744,3,2,,,,,,,,,,,
2745,0,4,,,,,,,,,,,
2746,2,1,,,,,,,,,,,
2747,0,0,,,,,,,,,,,
2748,3,4,,,,,,,,,,,
2749,2,2,,,,,,,,,,,
2750,2,4,,,,,,,,,,,
2751,1,1,,,,,,,,,,,
2752,1,1,,,,,,,,,,,
2753,1,1,,,,,,,,,,,
2754,0,0,,,,,,,,,,,
2755,2,1,,,,,,,,,,,
2756,2,1,,,,,,,,,,,
2757,2,2,,,,,,,,,,,
2758,3,3,,,,,,,,,,,
2759,1,4,,,,,,,,,,,
2760,2,2,,,,,,,,,,,
2761,2,2,,,,,,,,,,,
2762,1,4,,,,,,,,,,,
2763,2,2,,,,,,,,,,,
2764,3,3,,,,,,,,,,,
2765,3,3,,,,,,,,,,,
2766,1,1,,,,,,,,,,,
2767,2,1,,,,,,,,,,,
2768,3,4,,,,,,,,,,,
2769,1,1,,,,,,,,,,,
2770,2,2,,,,,,,,,,,
2771,3,2,,,,,,,,,,,
2772,1,1,,,,,,,,,,,
2773,2,1,,,,,,,,,,,
2774,3,4,,,,,,,,,,,
2775,2,2,,,,,,,,,,,
2776,3,3,,,,,,,,,,,
2777,2,2,,,,,,,,,,,
2778,1,1,,,,,,,,,,,
2780,1,1,,,,,,,,,,,
2781,2,1,,,,,,,,,,,
2782,1,1,,,,,,,,,,,
2783,2,2,,,,,,,,,,,
2784,3,3,,,,,,,,,,,
2785,1,1,,,,,,,,,,,
2786,1,1,,,,,,,,,,,
2787,1,1,,,,,,,,,,,
2788,0,1,,,,,,,,,,,
2790,1,1,,,,,,,,,,,
2792,2,1,,,,,,,,,,,
2793,3,4,,,,,,,,,,,
2794,3,1,,,,,,,,,,,
2795,3,2,,,,,,,,,,,
2796,2,2,,,,,,,,,,,
2797,2,2,,,,,,,,,,,
2798,3,3,,,,,,,,,,,
2799,2,4,,,,,,,,,,,
2800,1,2,,,,,,,,,,,
2801,2,4,,,,,,,,,,,
2802,1,2,,,,,,,,,,,
2803,2,2,,,,,,,,,,,
2804,1,4,,,,,,,,,,,
2805,2,4,,,,,,,,,,,
2806,3,3,,,,,,,,,,,
2807,2,1,,,,,,,,,,,
2808,3,4,,,,,,,,,,,
2809,1,1,,,,,,,,,,,
2810,3,3,,,,,,,,,,,
2811,3,2,,,,,,,,,,,
2812,2,2,,,,,,,,,,,
2813,2,2,,,,,,,,,,,
2814,1,1,,,,,,,,,,,
2815,2,4,,,,,,,,,,,
2816,1,1,,,,,,,,,,,
2817,2,3,,,,,,,,,,,
2818,1,2,,,,,,,,,,,
2819,2,1,,,,,,,,,,,
2820,3,1,,,,,,,,,,,
2821,1,1,,,,,,,,,,,
2822,3,3,,,,,,,,,,,
2823,2,2,,,,,,,,,,,
2824,2,4,,,,,,,,,,,
2825,3,3,,,,,,,,,,,
2826,3,3,,,,,,,,,,,
2827,2,1,,,,,,,,,,,
2828,1,2,,,,,,,,,,,
2829,3,3,,,,,,,,,,,
2830,2,2,,,,,,,,,,,
2831,2,2,,,,,,,,,,,
2832,2,2,,,,,,,,,,,
2833,2,2,,,,,,,,,,,
2834,2,2,,,,,,,,,,,
2835,2,2,,,,,,,,,,,
2836,3,3,,,,,,,,,,,
2837,2,4,,,,,,,,,,,
2838,1,1,,,,,,,,,,,
2839,0,0,,,,,,,,,,,
2840,1,2,,,,,,,,,,,
2841,3,1,,,,,,,,,,,
2842,3,3,,,,,,,,,,,
2843,3,3,,,,,,,,,,,
2844,3,3,,,,,,,,,,,
2845,3,4,,,,,,,,,,,
2846,1,1,,,,,,,,,,,
2847,3,3,,,,,,,,,,,
2848,2,2,,,,,,,,,,,
2849,0,4,,,,,,,,,,,
2850,2,1,,,,,,,,,,,
2851,1,4,,,,,,,,,,,
2852,1,1,,,,,,,,,,,
2853,2,2,,,,,,,,,,,
2854,1,1,,,,,,,,,,,
2855,1,1,,,,,,,,,,,
2856,1,1,,,,,,,,,,,
2857,2,2,,,,,,,,,,,
2858,3,3,,,,,,,,,,,
2859,3,3,,,,,,,,,,,
2860,1,1,,,,,,,,,,,
2861,1,1,,,,,,,,,,,
2862,2,4,,,,,,,,,,,
2863,2,1,,,,,,,,,,,
2865,0,0,,,,,,,,,,,
2866,2,2,,,,,,,,,,,
2867,1,1,,,,,,,,,,,
2868,2,2,,,,,,,,,,,
2869,3,3,,,,,,,,,,,
2870,1,2,,,,,,,,,,,
2871,3,2,,,,,,,,,,,
2872,2,2,,,,,,,,,,,
2873,3,4,,,,,,,,,,,
2874,2,4,,,,,,,,,,,
2875,3,3,,,,,,,,,,,
2876,3,3,,,,,,,,,,,
2877,2,1,,,,,,,,,,,
2878,1,1,,,,,,,,,,,
2879,3,3,,,,,,,,,,,
2880,2,2,,,,,,,,,,,
2881,2,1,,,,,,,,,,,
2882,2,2,,,,,,,,,,,
2883,3,1,,,,,,,,,,,
2884,1,1,,,,,,,,,,,
2885,3,4,,,,,,,,,,,
2886,3,3,,,,,,,,,,,
2887,3,2,,,,,,,,,,,
2888,3,4,,,,,,,,,,,
2889,3,2,,,,,,,,,,,
2890,2,1,,,,,,,,,,,
2891,3,4,,,,,,,,,,,
2892,1,2,,,,,,,,,,,
2893,1,1,,,,,,,,,,,
2894,3,2,,,,,,,,,,,
2895,1,4,,,,,,,,,,,
2896,2,2,,,,,,,,,,,
2897,1,1,,,,,,,,,,,
2898,2,1,,,,,,,,,,,
2899,1,1,,,,,,,,,,,
2900,2,1,,,,,,,,,,,
2901,2,2,,,,,,,,,,,
2902,3,3,,,,,,,,,,,
2903,2,1,,,,,,,,,,,
2904,1,2,,,,,,,,,,,
2905,2,1,,,,,,,,,,,
2906,2,1,,,,,,,,,,,
2907,2,2,,,,,,,,,,,
2908,2,1,,,,,,,,,,,
2909,1,1,,,,,,,,,,,
2910,2,1,,,,,,,,,,,
2911,2,2,,,,,,,,,,,
2912,3,2,,,,,,,,,,,
2913,3,2,,,,,,,,,,,
2914,3,2,,,,,,,,,,,
2915,1,1,,,,,,,,,,,
2916,3,3,,,,,,,,,,,
2917,2,3,,,,,,,,,,,
2918,3,3,,,,,,,,,,,
2919,3,3,,,,,,,,,,,
2920,1,1,,,,,,,,,,,
2921,2,1,,,,,,,,,,,
2922,3,3,,,,,,,,,,,
2923,1,1,,,,,,,,,,,
2924,2,2,,,,,,,,,,,
2925,3,3,,,,,,,,,,,
2926,1,4,,,,,,,,,,,
2927,2,2,,,,,,,,,,,
2928,3,4,,,,,,,,,,,
2929,3,0,,,,,,,,,,,
2930,1,1,,,,,,,,,,,
2931,2,2,,,,,,,,,,,
2932,2,2,,,,,,,,,,,
2933,3,4,,,,,,,,,,,
2934,1,1,,,,,,,,,,,
2935,1,1,,,,,,,,,,,
2936,3,3,,,,,,,,,,,
2937,3,1,,,,,,,,,,,
2938,2,2,,,,,,,,,,,
2939,3,3,,,,,,,,,,,
2940,1,1,,,,,,,,,,,
2941,3,3,,,,,,,,,,,
2942,1,1,,,,,,,,,,,
2943,2,2,,,,,,,,,,,
2944,3,2,,,,,,,,,,,
2945,2,1,,,,,,,,,,,
2946,0,0,,,,,,,,,,,
2947,1,1,,,,,,,,,,,
2948,2,1,,,,,,,,,,,
2949,2,1,,,,,,,,,,,
2950,0,1,,,,,,,,,,,
2951,2,1,,,,,,,,,,,
2952,3,3,,,,,,,,,,,
2953,2,2,,,,,,,,,,,
2954,2,1,,,,,,,,,,,
2955,2,2,,,,,,,,,,,
2956,3,2,,,,,,,,,,,
2957,2,2,,,,,,,,,,,
2958,2,2,,,,,,,,,,,
2959,2,2,,,,,,,,,,,
2960,2,0,,,,,,,,,,,
2961,1,1,,,,,,,,,,,
2962,3,3,,,,,,,,,,,
2963,2,2,,,,,,,,,,,
2964,1,1,,,,,,,,,,,
2965,3,2,,,,,,,,,,,
2966,1,1,,,,,,,,,,,
2967,0,4,,,,,,,,,,,
2968,0,0,,,,,,,,,,,
2969,1,4,,,,,,,,,,,
2970,3,3,,,,,,,,,,,
2971,2,2,,,,,,,,,,,
2972,3,2,,,,,,,,,,,
2973,2,2,,,,,,,,,,,
2974,2,1,,,,,,,,,,,
2975,1,1,,,,,,,,,,,
2976,2,2,,,,,,,,,,,
2977,2,1,,,,,,,,,,,
2978,2,2,,,,,,,,,,,
2979,2,2,,,,,,,,,,,
2980,1,1,,,,,,,,,,,
2981,3,3,,,,,,,,,,,
2982,1,1,,,,,,,,,,,
2983,3,3,,,,,,,,,,,
2984,1,1,,,,,,,,,,,
2985,1,2,,,,,,,,,,,
2986,2,2,,,,,,,,,,,
2987,2,2,,,,,,,,,,,
2988,1,1,,,,,,,,,,,
2989,2,1,,,,,,,,,,,
2990,3,2,,,,,,,,,,,
2991,0,4,,,,,,,,,,,
2992,3,4,,,,,,,,,,,
2993,2,4,,,,,,,,,,,
2994,2,4,,,,,,,,,,,
2995,3,1,,,,,,,,,,,
2996,1,2,,,,,,,,,,,
2997,2,1,,,,,,,,,,,
2998,3,3,,,,,,,,,,,
2999,2,4,,,,,,,,,,,
3000,2,1,,,,,,,,,,,
3001,2,1,,,,,,,,,,,
3002,2,1,,,,,,,,,,,
3003,3,1,,,,,,,,,,,
3004,1,1,,,,,,,,,,,
3005,3,2,,,,,,,,,,,
3006,2,2,,,,,,,,,,,
3007,1,4,,,,,,,,,,,
3008,2,2,,,,,,,,,,,
3009,1,0,,,,,,,,,,,
3010,1,1,,,,,,,,,,,
3011,2,4,,,,,,,,,,,
3012,2,2,,,,,,,,,,,
3013,2,2,,,,,,,,,,,
3014,2,2,,,,,,,,,,,
3015,2,2,,,,,,,,,,,
3016,1,1,,,,,,,,,,,
3017,1,4,,,,,,,,,,,
3018,2,2,,,,,,,,,,,
3019,2,1,,,,,,,,,,,
3020,1,1,,,,,,,,,,,
3021,3,3,,,,,,,,,,,
3022,3,3,,,,,,,,,,,
3023,3,2,,,,,,,,,,,
3024,2,4,,,,,,,,,,,
3026,2,2,,,,,,,,,,,
3027,3,4,,,,,,,,,,,
3028,3,0,,,,,,,,,,,
3029,3,3,,,,,,,,,,,
3030,3,3,,,,,,,,,,,
3031,3,3,,,,,,,,,,,
3032,1,1,,,,,,,,,,,
3034,2,2,,,,,,,,,,,
3035,3,3,,,,,,,,,,,
3036,2,0,,,,,,,,,,,
3037,2,2,,,,,,,,,,,
3038,2,2,,,,,,,,,,,
3039,2,2,,,,,,,,,,,
3040,3,3,,,,,,,,,,,
3041,0,2,,,,,,,,,,,
3042,3,2,,,,,,,,,,,
3043,2,4,,,,,,,,,,,
3044,2,2,,,,,,,,,,,
3045,2,2,,,,,,,,,,,
3046,2,2,,,,,,,,,,,
3047,3,3,,,,,,,,,,,
3048,1,1,,,,,,,,,,,
3049,2,2,,,,,,,,,,,
3050,3,3,,,,,,,,,,,
3051,2,1,,,,,,,,,,,
3052,2,2,,,,,,,,,,,
3053,2,2,,,,,,,,,,,
3054,2,1,,,,,,,,,,,
3055,3,4,,,,,,,,,,,
3056,3,4,,,,,,,,,,,
3057,2,4,,,,,,,,,,,
3058,1,2,,,,,,,,,,,
3059,2,1,,,,,,,,,,,
3060,3,4,,,,,,,,,,,
3061,1,1,,,,,,,,,,,
3062,2,2,,,,,,,,,,,
3063,2,2,,,,,,,,,,,
3064,0,4,,,,,,,,,,,
3065,3,3,,,,,,,,,,,
3066,1,1,,,,,,,,,,,
3067,1,4,,,,,,,,,,,
3068,3,3,,,,,,,,,,,
3069,2,2,,,,,,,,,,,
3070,2,4,,,,,,,,,,,
3071,1,4,,,,,,,,,,,
3072,3,3,,,,,,,,,,,
3073,1,1,,,,,,,,,,,
3074,2,2,,,,,,,,,,,
3075,3,1,,,,,,,,,,,
3076,1,1,,,,,,,,,,,
3077,1,1,,,,,,,,,,,
3078,2,1,,,,,,,,,,,
3079,2,2,,,,,,,,,,,
3080,3,4,,,,,,,,,,,
3081,1,1,,,,,,,,,,,
3082,1,1,,,,,,,,,,,
3083,0,4,,,,,,,,,,,
3084,2,1,,,,,,,,,,,
3085,2,1,,,,,,,,,,,
3086,3,4,,,,,,,,,,,
3087,3,2,,,,,,,,,,,
3088,3,1,,,,,,,,,,,
3089,3,3,,,,,,,,,,,
3090,2,2,,,,,,,,,,,
3091,0,4,,,,,,,,,,,
3092,1,1,,,,,,,,,,,
3093,2,3,,,,,,,,,,,
3094,1,1,,,,,,,,,,,
3095,3,3,,,,,,,,,,,
3096,3,1,,,,,,,,,,,
3097,1,1,,,,,,,,,,,
3098,2,2,,,,,,,,,,,
3099,2,2,,,,,,,,,,,
3100,1,1,,,,,,,,,,,
3101,1,4,,,,,,,,,,,
3102,3,4,,,,,,,,,,,
3103,3,3,,,,,,,,,,,
3104,1,1,,,,,,,,,,,
3105,2,4,,,,,,,,,,,
3106,2,2,,,,,,,,,,,
3107,2,4,,,,,,,,,,,
3108,1,2,,,,,,,,,,,
3109,2,2,,,,,,,,,,,
3110,1,1,,,,,,,,,,,
3111,2,2,,,,,,,,,,,
3112,2,1,,,,,,,,,,,
3113,2,2,,,,,,,,,,,
3114,2,2,,,,,,,,,,,
3115,2,4,,,,,,,,,,,
3116,3,2,,,,,,,,,,,
3117,3,2,,,,,,,,,,,
3118,3,3,,,,,,,,,,,
3119,2,2,,,,,,,,,,,
3120,1,2,,,,,,,,,,,
3121,3,4,,,,,,,,,,,
3122,2,1,,,,,,,,,,,
3123,2,2,,,,,,,,,,,
3124,1,1,,,,,,,,,,,
3125,2,2,,,,,,,,,,,
3126,2,4,,,,,,,,,,,
3127,2,2,,,,,,,,,,,
3128,2,2,,,,,,,,,,,
3129,3,1,,,,,,,,,,,
3130,3,2,,,,,,,,,,,
3131,1,0,,,,,,,,,,,
3132,2,4,,,,,,,,,,,
3133,1,1,,,,,,,,,,,
3134,2,1,,,,,,,,,,,
3135,0,2,,,,,,,,,,,
3136,3,4,,,,,,,,,,,
3137,1,1,,,,,,,,,,,
3138,1,1,,,,,,,,,,,
3139,2,2,,,,,,,,,,,
3140,2,2,,,,,,,,,,,
3141,3,2,,,,,,,,,,,
3142,2,0,,,,,,,,,,,
3143,2,4,,,,,,,,,,,
3144,2,1,,,,,,,,,,,
3145,1,1,,,,,,,,,,,
3146,0,1,,,,,,,,,,,
3147,2,2,,,,,,,,,,,
3149,1,1,,,,,,,,,,,
3150,2,1,,,,,,,,,,,
3151,1,1,,,,,,,,,,,
3152,0,0,,,,,,,,,,,
3153,2,1,,,,,,,,,,,
3154,2,2,,,,,,,,,,,
3155,2,4,,,,,,,,,,,
3156,0,2,,,,,,,,,,,
3157,3,3,,,,,,,,,,,
3158,2,2,,,,,,,,,,,
3159,2,2,,,,,,,,,,,
3160,3,1,,,,,,,,,,,
3161,2,2,,,,,,,,,,,
3162,3,2,,,,,,,,,,,
3163,2,1,,,,,,,,,,,
3164,1,1,,,,,,,,,,,
3165,3,3,,,,,,,,,,,
3166,1,1,,,,,,,,,,,
3167,1,2,,,,,,,,,,,
3168,2,4,,,,,,,,,,,
3169,2,2,,,,,,,,,,,
3170,2,2,,,,,,,,,,,
3171,2,1,,,,,,,,,,,
3172,3,4,,,,,,,,,,,
3173,2,2,,,,,,,,,,,
3174,3,3,,,,,,,,,,,
3175,1,1,,,,,,,,,,,
3176,1,4,,,,,,,,,,,
3177,1,1,,,,,,,,,,,
3178,2,2,,,,,,,,,,,
3179,2,2,,,,,,,,,,,
3180,2,2,,,,,,,,,,,
3181,2,1,,,,,,,,,,,
3182,2,1,,,,,,,,,,,
3183,2,2,,,,,,,,,,,
3184,2,2,,,,,,,,,,,
3185,2,4,,,,,,,,,,,
3186,2,4,,,,,,,,,,,
3187,2,2,,,,,,,,,,,
3188,1,1,,,,,,,,,,,
3189,3,4,,,,,,,,,,,
3190,3,1,,,,,,,,,,,
3191,2,1,,,,,,,,,,,
3192,1,1,,,,,,,,,,,
3193,2,2,,,,,,,,,,,
3194,2,2,,,,,,,,,,,
3195,3,3,,,,,,,,,,,
3196,3,2,,,,,,,,,,,
3197,1,2,,,,,,,,,,,
3198,2,1,,,,,,,,,,,
3199,2,1,,,,,,,,,,,
3200,1,1,,,,,,,,,,,
3201,1,1,,,,,,,,,,,
3202,2,2,,,,,,,,,,,
3203,2,2,,,,,,,,,,,
3204,2,2,,,,,,,,,,,
3205,2,2,,,,,,,,,,,
3206,1,1,,,,,,,,,,,
3207,1,1,,,,,,,,,,,
3208,1,2,,,,,,,,,,,
3210,2,2,,,,,,,,,,,
3211,3,3,,,,,,,,,,,
3212,3,3,,,,,,,,,,,
3213,3,2,,,,,,,,,,,
3214,3,2,,,,,,,,,,,
3215,3,2,,,,,,,,,,,
3216,2,2,,,,,,,,,,,
3217,2,2,,,,,,,,,,,
3218,1,4,,,,,,,,,,,
3219,3,2,,,,,,,,,,,
3220,3,3,,,,,,,,,,,
3221,3,4,,,,,,,,,,,
3222,1,1,,,,,,,,,,,
3223,2,2,,,,,,,,,,,
3224,0,2,,,,,,,,,,,
3225,1,4,,,,,,,,,,,
3226,3,2,,,,,,,,,,,
3227,1,2,,,,,,,,,,,
3228,2,2,,,,,,,,,,,
3229,1,2,,,,,,,,,,,
3230,2,1,,,,,,,,,,,
3231,1,4,,,,,,,,,,,
3232,3,1,,,,,,,,,,,
3233,1,2,,,,,,,,,,,
3234,2,2,,,,,,,,,,,
3235,1,2,,,,,,,,,,,
3236,1,1,,,,,,,,,,,
3237,2,2,,,,,,,,,,,
3238,3,4,,,,,,,,,,,
3239,1,1,,,,,,,,,,,
3240,0,0,,,,,,,,,,,
3241,1,1,,,,,,,,,,,
3242,2,2,,,,,,,,,,,
3243,1,1,,,,,,,,,,,
3244,3,3,,,,,,,,,,,
3245,3,2,,,,,,,,,,,
3246,0,2,,,,,,,,,,,
3247,2,2,,,,,,,,,,,
3248,0,4,,,,,,,,,,,
3249,2,0,,,,,,,,,,,
3251,0,2,,,,,,,,,,,
3252,2,1,,,,,,,,,,,
3253,0,1,,,,,,,,,,,
3254,3,3,,,,,,,,,,,
3255,2,2,,,,,,,,,,,
3256,1,1,,,,,,,,,,,
3257,3,4,,,,,,,,,,,
3258,2,2,,,,,,,,,,,
3259,3,3,,,,,,,,,,,
3260,0,1,,,,,,,,,,,
3261,2,4,,,,,,,,,,,
3262,1,1,,,,,,,,,,,
3263,3,2,,,,,,,,,,,
3264,1,2,,,,,,,,,,,
3265,2,2,,,,,,,,,,,
3266,0,1,,,,,,,,,,,
3267,3,2,,,,,,,,,,,
3268,3,2,,,,,,,,,,,
3269,3,2,,,,,,,,,,,
3270,2,2,,,,,,,,,,,
3271,1,2,,,,,,,,,,,
3272,2,1,,,,,,,,,,,
3273,2,2,,,,,,,,,,,
3274,2,2,,,,,,,,,,,
3275,3,2,,,,,,,,,,,
3276,2,3,,,,,,,,,,,
3277,3,3,,,,,,,,,,,
3278,3,3,,,,,,,,,,,
3279,3,3,,,,,,,,,,,
3280,0,1,,,,,,,,,,,
3281,3,3,,,,,,,,,,,
3282,1,1,,,,,,,,,,,
3283,3,3,,,,,,,,,,,
3284,1,1,,,,,,,,,,,
3285,1,2,,,,,,,,,,,
3286,2,2,,,,,,,,,,,
3287,2,1,,,,,,,,,,,
3288,2,2,,,,,,,,,,,
3289,2,2,,,,,,,,,,,
3290,2,2,,,,,,,,,,,
3291,3,1,,,,,,,,,,,
3292,2,1,,,,,,,,,,,
3293,1,1,,,,,,,,,,,
3294,3,3,,,,,,,,,,,
3295,3,3,,,,,,,,,,,
3296,3,3,,,,,,,,,,,
3297,2,2,,,,,,,,,,,
3298,3,1,,,,,,,,,,,
3299,2,1,,,,,,,,,,,
3300,1,1,,,,,,,,,,,
3301,1,1,,,,,,,,,,,
3302,2,2,,,,,,,,,,,
3303,1,1,,,,,,,,,,,
3304,2,2,,,,,,,,,,,
3305,1,2,,,,,,,,,,,
3306,1,1,,,,,,,,,,,
3307,0,0,,,,,,,,,,,
3308,2,2,,,,,,,,,,,
3309,1,1,,,,,,,,,,,
3310,2,2,,,,,,,,,,,
3311,1,4,,,,,,,,,,,
3312,0,1,,,,,,,,,,,
3313,2,2,,,,,,,,,,,
3314,2,2,,,,,,,,,,,
3315,3,3,,,,,,,,,,,
3316,2,4,,,,,,,,,,,
3318,1,1,,,,,,,,,,,
3319,2,2,,,,,,,,,,,
3320,3,3,,,,,,,,,,,
3321,3,3,,,,,,,,,,,
3322,2,4,,,,,,,,,,,
3323,1,1,,,,,,,,,,,
3324,2,1,,,,,,,,,,,
3325,2,2,,,,,,,,,,,
3326,1,1,,,,,,,,,,,
3327,3,2,,,,,,,,,,,
3328,2,3,,,,,,,,,,,
3329,2,3,,,,,,,,,,,
3330,2,2,,,,,,,,,,,
3331,3,2,,,,,,,,,,,
3332,1,4,,,,,,,,,,,
3333,2,2,,,,,,,,,,,
3334,3,4,,,,,,,,,,,
3335,1,1,,,,,,,,,,,
3336,1,1,,,,,,,,,,,
3337,3,3,,,,,,,,,,,
3338,3,2,,,,,,,,,,,
3339,2,4,,,,,,,,,,,
3340,2,2,,,,,,,,,,,
3341,2,2,,,,,,,,,,,
3342,2,2,,,,,,,,,,,
3343,0,0,,,,,,,,,,,
3344,3,3,,,,,,,,,,,
3345,3,2,,,,,,,,,,,
3346,3,3,,,,,,,,,,,
3347,2,2,,,,,,,,,,,
3348,2,2,,,,,,,,,,,
3349,2,4,,,,,,,,,,,
3350,2,2,,,,,,,,,,,
3351,2,2,,,,,,,,,,,
3352,2,1,,,,,,,,,,,
3353,3,2,,,,,,,,,,,
3354,2,2,,,,,,,,,,,
3355,2,2,,,,,,,,,,,
3356,3,3,,,,,,,,,,,
3357,1,1,,,,,,,,,,,
3358,1,1,,,,,,,,,,,
3359,1,1,,,,,,,,,,,
3360,1,1,,,,,,,,,,,
3361,3,3,,,,,,,,,,,
3362,2,2,,,,,,,,,,,
3363,3,2,,,,,,,,,,,
3364,2,2,,,,,,,,,,,
3365,2,2,,,,,,,,,,,
3366,2,2,,,,,,,,,,,
3367,2,2,,,,,,,,,,,
3368,2,2,,,,,,,,,,,
3369,1,1,,,,,,,,,,,
3370,3,0,,,,,,,,,,,
3371,3,3,,,,,,,,,,,
3372,1,4,,,,,,,,,,,
3373,3,3,,,,,,,,,,,
3374,1,1,,,,,,,,,,,
3375,2,1,,,,,,,,,,,
3376,2,2,,,,,,,,,,,
3377,2,2,,,,,,,,,,,
3378,2,1,,,,,,,,,,,
3379,2,4,,,,,,,,,,,
3380,2,2,,,,,,,,,,,
3381,1,1,,,,,,,,,,,
3382,3,3,,,,,,,,,,,
3383,3,3,,,,,,,,,,,
3384,2,2,,,,,,,,,,,
3385,2,1,,,,,,,,,,,
3386,2,1,,,,,,,,,,,
3387,3,3,,,,,,,,,,,
3388,1,4,,,,,,,,,,,
3389,3,2,,,,,,,,,,,
3390,2,2,,,,,,,,,,,
3391,2,2,,,,,,,,,,,
3392,3,4,,,,,,,,,,,
3393,2,1,,,,,,,,,,,
3394,2,2,,,,,,,,,,,
3395,1,1,,,,,,,,,,,
3396,2,2,,,,,,,,,,,
3397,0,0,,,,,,,,,,,
3398,2,1,,,,,,,,,,,
3399,0,0,,,,,,,,,,,
3400,2,1,,,,,,,,,,,
3401,1,1,,,,,,,,,,,
3402,1,4,,,,,,,,,,,
3403,2,1,,,,,,,,,,,
3404,1,1,,,,,,,,,,,
3405,2,2,,,,,,,,,,,
3406,3,4,,,,,,,,,,,
3407,2,4,,,,,,,,,,,
3408,1,2,,,,,,,,,,,
3409,3,2,,,,,,,,,,,
3410,2,4,,,,,,,,,,,
3411,1,4,,,,,,,,,,,
3412,3,2,,,,,,,,,,,
3413,2,2,,,,,,,,,,,
3414,2,2,,,,,,,,,,,
3415,2,2,,,,,,,,,,,
3416,3,3,,,,,,,,,,,
3417,3,3,,,,,,,,,,,
3418,3,3,,,,,,,,,,,
3419,3,3,,,,,,,,,,,
3420,2,4,,,,,,,,,,,
3422,3,3,,,,,,,,,,,
3423,1,1,,,,,,,,,,,
3424,2,2,,,,,,,,,,,
3425,3,3,,,,,,,,,,,
3426,1,1,,,,,,,,,,,
3427,2,2,,,,,,,,,,,
3428,2,2,,,,,,,,,,,
3429,2,4,,,,,,,,,,,
3430,2,1,,,,,,,,,,,
3431,2,2,,,,,,,,,,,
3432,3,3,,,,,,,,,,,
3433,1,4,,,,,,,,,,,
3434,2,2,,,,,,,,,,,
3435,1,2,,,,,,,,,,,
3436,3,3,,,,,,,,,,,
3437,1,4,,,,,,,,,,,
3438,2,2,,,,,,,,,,,
3439,3,4,,,,,,,,,,,
3440,2,4,,,,,,,,,,,
3441,1,1,,,,,,,,,,,
3442,2,2,,,,,,,,,,,
3443,2,2,,,,,,,,,,,
3444,3,3,,,,,,,,,,,
3445,2,2,,,,,,,,,,,
3446,2,2,,,,,,,,,,,
3447,2,2,,,,,,,,,,,
3448,2,2,,,,,,,,,,,
3449,3,3,,,,,,,,,,,
3450,2,2,,,,,,,,,,,
3451,3,3,,,,,,,,,,,
3452,2,2,,,,,,,,,,,
3453,2,2,,,,,,,,,,,
3454,1,2,,,,,,,,,,,
3455,2,2,,,,,,,,,,,
3456,3,4,,,,,,,,,,,
3457,2,2,,,,,,,,,,,
3458,1,2,,,,,,,,,,,
3459,0,4,,,,,,,,,,,
3460,1,4,,,,,,,,,,,
3461,3,3,,,,,,,,,,,
3462,3,2,,,,,,,,,,,
3463,2,4,,,,,,,,,,,
3464,3,3,,,,,,,,,,,
3465,3,2,,,,,,,,,,,
3466,3,4,,,,,,,,,,,
3467,1,1,,,,,,,,,,,
3468,2,2,,,,,,,,,,,
3469,2,2,,,,,,,,,,,
3470,2,2,,,,,,,,,,,
3471,2,2,,,,,,,,,,,
3472,3,3,,,,,,,,,,,
3473,0,1,,,,,,,,,,,
3474,2,2,,,,,,,,,,,
3475,3,1,,,,,,,,,,,
3476,1,1,,,,,,,,,,,
3477,2,2,,,,,,,,,,,
3478,2,2,,,,,,,,,,,
3479,3,4,,,,,,,,,,,
3480,1,2,,,,,,,,,,,
3481,3,2,,,,,,,,,,,
3482,1,2,,,,,,,,,,,
3483,2,2,,,,,,,,,,,
3484,2,2,,,,,,,,,,,
3485,0,1,,,,,,,,,,,
3486,1,1,,,,,,,,,,,
3487,3,0,,,,,,,,,,,
3488,1,4,,,,,,,,,,,
3489,2,1,,,,,,,,,,,
3490,3,3,,,,,,,,,,,
3491,1,1,,,,,,,,,,,
3492,3,2,,,,,,,,,,,
3493,2,1,,,,,,,,,,,
3494,2,2,,,,,,,,,,,
3495,2,1,,,,,,,,,,,
3496,1,1,,,,,,,,,,,
3497,1,1,,,,,,,,,,,
3498,2,2,,,,,,,,,,,
3499,1,2,,,,,,,,,,,
3500,1,2,,,,,,,,,,,
3501,1,2,,,,,,,,,,,
3502,2,2,,,,,,,,,,,
3503,3,4,,,,,,,,,,,
3504,3,3,,,,,,,,,,,
3505,1,4,,,,,,,,,,,
3506,0,4,,,,,,,,,,,
3507,2,2,,,,,,,,,,,
3508,3,2,,,,,,,,,,,
3509,2,4,,,,,,,,,,,
3511,3,4,,,,,,,,,,,
3512,2,2,,,,,,,,,,,
3513,3,2,,,,,,,,,,,
3514,2,2,,,,,,,,,,,
3515,1,1,,,,,,,,,,,
3516,3,3,,,,,,,,,,,
3517,3,3,,,,,,,,,,,
3518,3,3,,,,,,,,,,,
3519,3,2,,,,,,,,,,,
3520,2,2,,,,,,,,,,,
3521,2,2,,,,,,,,,,,
3522,2,1,,,,,,,,,,,
3523,1,2,,,,,,,,,,,
3524,3,4,,,,,,,,,,,
3525,3,3,,,,,,,,,,,
3526,2,1,,,,,,,,,,,
3527,2,3,,,,,,,,,,,
3528,2,2,,,,,,,,,,,
3529,3,3,,,,,,,,,,,
3530,3,2,,,,,,,,,,,
3531,1,2,,,,,,,,,,,
3533,3,3,,,,,,,,,,,
3534,2,1,,,,,,,,,,,
3535,2,2,,,,,,,,,,,
3536,2,2,,,,,,,,,,,
3537,0,2,,,,,,,,,,,
3538,2,2,,,,,,,,,,,
3539,2,1,,,,,,,,,,,
3540,0,0,,,,,,,,,,,
3541,3,2,,,,,,,,,,,
3542,3,4,,,,,,,,,,,
3543,1,1,,,,,,,,,,,
3544,3,2,,,,,,,,,,,
3545,2,0,,,,,,,,,,,
3546,2,2,,,,,,,,,,,
3547,1,4,,,,,,,,,,,
3548,2,2,,,,,,,,,,,
3549,2,1,,,,,,,,,,,
3550,3,3,,,,,,,,,,,
3551,2,2,,,,,,,,,,,
3552,3,4,,,,,,,,,,,
3553,1,2,,,,,,,,,,,
3554,1,0,,,,,,,,,,,
3555,3,4,,,,,,,,,,,
3556,1,1,,,,,,,,,,,
3557,2,2,,,,,,,,,,,
3558,2,2,,,,,,,,,,,
3559,1,2,,,,,,,,,,,
3560,2,2,,,,,,,,,,,
3561,2,2,,,,,,,,,,,
3562,2,1,,,,,,,,,,,
3563,2,2,,,,,,,,,,,
3564,2,2,,,,,,,,,,,
3565,2,2,,,,,,,,,,,
3566,3,3,,,,,,,,,,,
3567,2,2,,,,,,,,,,,
3568,2,2,,,,,,,,,,,
3569,3,2,,,,,,,,,,,
3570,2,2,,,,,,,,,,,
3571,2,2,,,,,,,,,,,
3572,2,2,,,,,,,,,,,
3573,2,1,,,,,,,,,,,
3574,2,2,,,,,,,,,,,
3575,2,1,,,,,,,,,,,
3576,3,3,,,,,,,,,,,
3577,2,2,,,,,,,,,,,
3578,3,3,,,,,,,,,,,
3579,1,1,,,,,,,,,,,
3580,1,2,,,,,,,,,,,
3581,3,3,,,,,,,,,,,
3582,1,1,,,,,,,,,,,
3583,2,2,,,,,,,,,,,
3584,1,2,,,,,,,,,,,
3585,2,2,,,,,,,,,,,
3586,3,3,,,,,,,,,,,
3587,2,2,,,,,,,,,,,
3588,1,2,,,,,,,,,,,
3589,2,2,,,,,,,,,,,
3590,2,2,,,,,,,,,,,
3591,0,4,,,,,,,,,,,
3592,0,4,,,,,,,,,,,
3593,2,2,,,,,,,,,,,
3594,1,2,,,,,,,,,,,
3595,2,2,,,,,,,,,,,
3596,1,1,,,,,,,,,,,
3597,2,2,,,,,,,,,,,
3598,3,4,,,,,,,,,,,
3599,2,2,,,,,,,,,,,
3600,2,2,,,,,,,,,,,
3601,1,1,,,,,,,,,,,
3602,3,1,,,,,,,,,,,
3603,3,3,,,,,,,,,,,
3604,3,3,,,,,,,,,,,
3605,2,1,,,,,,,,,,,
3606,1,1,,,,,,,,,,,
3607,3,3,,,,,,,,,,,
3608,3,2,,,,,,,,,,,
3609,2,2,,,,,,,,,,,
3610,1,2,,,,,,,,,,,
3611,2,2,,,,,,,,,,,
3612,2,0,,,,,,,,,,,
3613,2,4,,,,,,,,,,,
3614,2,2,,,,,,,,,,,
3615,1,2,,,,,,,,,,,
3616,1,1,,,,,,,,,,,
3617,1,4,,,,,,,,,,,
3618,1,1,,,,,,,,,,,
3619,2,2,,,,,,,,,,,
3620,3,2,,,,,,,,,,,
3621,2,1,,,,,,,,,,,
3622,2,2,,,,,,,,,,,
3623,1,4,,,,,,,,,,,
3624,2,4,,,,,,,,,,,
3625,3,2,,,,,,,,,,,
3626,1,1,,,,,,,,,,,
3627,1,2,,,,,,,,,,,
3628,0,1,,,,,,,,,,,
3629,0,0,,,,,,,,,,,
3630,0,4,,,,,,,,,,,
3631,3,4,,,,,,,,,,,
3632,1,1,,,,,,,,,,,
3633,2,2,,,,,,,,,,,
3634,2,1,,,,,,,,,,,
3635,3,3,,,,,,,,,,,
3636,2,2,,,,,,,,,,,
3637,1,1,,,,,,,,,,,
3638,2,2,,,,,,,,,,,
3639,3,4,,,,,,,,,,,
3640,2,2,,,,,,,,,,,
3641,1,4,,,,,,,,,,,
3642,2,4,,,,,,,,,,,
3643,1,1,,,,,,,,,,,
3644,1,1,,,,,,,,,,,
3645,3,3,,,,,,,,,,,
3646,2,4,,,,,,,,,,,
3647,2,2,,,,,,,,,,,
3648,1,1,,,,,,,,,,,
3649,2,4,,,,,,,,,,,
3650,3,2,,,,,,,,,,,
3651,2,2,,,,,,,,,,,
3653,3,3,,,,,,,,,,,
3654,2,2,,,,,,,,,,,
3656,1,4,,,,,,,,,,,
3657,2,2,,,,,,,,,,,
3658,3,3,,,,,,,,,,,
3659,3,4,,,,,,,,,,,
3660,3,4,,,,,,,,,,,
3661,2,2,,,,,,,,,,,
3662,3,3,,,,,,,,,,,
3663,2,2,,,,,,,,,,,
3664,3,3,,,,,,,,,,,
3665,2,1,,,,,,,,,,,
3666,2,2,,,,,,,,,,,
3667,0,4,,,,,,,,,,,
3668,1,1,,,,,,,,,,,
3669,1,1,,,,,,,,,,,
3670,2,1,,,,,,,,,,,
3671,2,2,,,,,,,,,,,
3672,0,1,,,,,,,,,,,
3673,2,1,,,,,,,,,,,
3674,2,2,,,,,,,,,,,
3675,2,2,,,,,,,,,,,
3676,0,2,,,,,,,,,,,
3677,0,2,,,,,,,,,,,
3678,3,1,,,,,,,,,,,
3679,3,3,,,,,,,,,,,
3680,2,2,,,,,,,,,,,
3681,3,3,,,,,,,,,,,
3682,2,2,,,,,,,,,,,
3683,0,0,,,,,,,,,,,
3684,1,2,,,,,,,,,,,
3685,3,2,,,,,,,,,,,
3686,2,3,,,,,,,,,,,
3687,2,4,,,,,,,,,,,
3688,2,2,,,,,,,,,,,
3689,2,2,,,,,,,,,,,
3690,2,4,,,,,,,,,,,
3691,0,2,,,,,,,,,,,
3692,2,2,,,,,,,,,,,
3693,2,4,,,,,,,,,,,
3694,0,1,,,,,,,,,,,
3695,1,2,,,,,,,,,,,
3696,3,4,,,,,,,,,,,
3697,0,2,,,,,,,,,,,
3698,1,2,,,,,,,,,,,
3699,1,1,,,,,,,,,,,
3700,3,3,,,,,,,,,,,
3701,3,3,,,,,,,,,,,
3702,3,0,,,,,,,,,,,
3703,3,3,,,,,,,,,,,
3704,0,1,,,,,,,,,,,
3705,1,2,,,,,,,,,,,
3706,0,4,,,,,,,,,,,
3707,1,1,,,,,,,,,,,
3708,3,3,,,,,,,,,,,
3709,2,1,,,,,,,,,,,
3710,3,2,,,,,,,,,,,
3711,2,2,,,,,,,,,,,
3712,3,3,,,,,,,,,,,
3713,3,4,,,,,,,,,,,
3714,2,1,,,,,,,,,,,
3715,2,4,,,,,,,,,,,
3716,2,2,,,,,,,,,,,
3717,2,3,,,,,,,,,,,
3718,1,1,,,,,,,,,,,
3719,3,3,,,,,,,,,,,
3720,2,2,,,,,,,,,,,
3722,3,3,,,,,,,,,,,
3723,3,3,,,,,,,,,,,
3724,0,1,,,,,,,,,,,
3725,3,4,,,,,,,,,,,
3726,2,4,,,,,,,,,,,
3727,2,4,,,,,,,,,,,
3728,1,1,,,,,,,,,,,
3729,3,2,,,,,,,,,,,
3730,2,1,,,,,,,,,,,
3731,3,4,,,,,,,,,,,
3732,2,2,,,,,,,,,,,
3733,3,2,,,,,,,,,,,
3734,2,1,,,,,,,,,,,
3735,2,2,,,,,,,,,,,
3736,3,3,,,,,,,,,,,
3737,2,2,,,,,,,,,,,
3738,3,4,,,,,,,,,,,
3739,2,2,,,,,,,,,,,
3740,1,2,,,,,,,,,,,
3741,1,2,,,,,,,,,,,
3742,0,4,,,,,,,,,,,
3743,2,2,,,,,,,,,,,
3744,1,2,,,,,,,,,,,
3745,2,2,,,,,,,,,,,
3746,1,4,,,,,,,,,,,
3747,1,2,,,,,,,,,,,
3748,2,2,,,,,,,,,,,
3749,1,1,,,,,,,,,,,
3750,2,2,,,,,,,,,,,
3751,2,2,,,,,,,,,,,
3752,1,4,,,,,,,,,,,
3753,1,1,,,,,,,,,,,
3754,3,3,,,,,,,,,,,
3755,3,4,,,,,,,,,,,
3756,3,3,,,,,,,,,,,
3757,0,2,,,,,,,,,,,
3758,1,2,,,,,,,,,,,
3759,1,1,,,,,,,,,,,
3760,2,2,,,,,,,,,,,
3761,2,2,,,,,,,,,,,
3762,3,4,,,,,,,,,,,
3763,2,2,,,,,,,,,,,
3764,2,2,,,,,,,,,,,
3765,3,3,,,,,,,,,,,
3766,2,2,,,,,,,,,,,
3767,2,2,,,,,,,,,,,
3768,3,3,,,,,,,,,,,
3769,2,2,,,,,,,,,,,
3770,2,2,,,,,,,,,,,
3771,1,1,,,,,,,,,,,
3772,2,1,,,,,,,,,,,
3773,3,4,,,,,,,,,,,
3774,0,4,,,,,,,,,,,
3775,2,4,,,,,,,,,,,
3777,0,4,,,,,,,,,,,
3778,3,4,,,,,,,,,,,
3779,1,2,,,,,,,,,,,
3780,3,3,,,,,,,,,,,
3781,3,2,,,,,,,,,,,
3782,1,2,,,,,,,,,,,
3783,1,2,,,,,,,,,,,
3784,2,2,,,,,,,,,,,
3785,2,2,,,,,,,,,,,
3786,2,4,,,,,,,,,,,
3787,2,2,,,,,,,,,,,
3788,2,1,,,,,,,,,,,
3789,2,4,,,,,,,,,,,
3790,3,3,,,,,,,,,,,
3791,2,3,,,,,,,,,,,
3792,3,4,,,,,,,,,,,
3793,2,1,,,,,,,,,,,
3794,2,2,,,,,,,,,,,
3795,2,2,,,,,,,,,,,
3796,2,2,,,,,,,,,,,
3797,2,2,,,,,,,,,,,
3798,3,4,,,,,,,,,,,
3799,2,2,,,,,,,,,,,
3800,2,2,,,,,,,,,,,
3801,1,4,,,,,,,,,,,
3802,2,2,,,,,,,,,,,
3803,2,2,,,,,,,,,,,
3804,1,1,,,,,,,,,,,
3805,3,4,,,,,,,,,,,
3806,3,3,,,,,,,,,,,
3807,2,4,,,,,,,,,,,
3808,1,1,,,,,,,,,,,
3809,3,3,,,,,,,,,,,
3810,0,1,,,,,,,,,,,
3811,2,2,,,,,,,,,,,
3812,2,1,,,,,,,,,,,
3813,2,4,,,,,,,,,,,
3814,3,3,,,,,,,,,,,
3815,2,1,,,,,,,,,,,
3816,1,1,,,,,,,,,,,
3817,2,2,,,,,,,,,,,
3818,2,2,,,,,,,,,,,
3819,2,2,,,,,,,,,,,
3820,1,2,,,,,,,,,,,
3821,2,2,,,,,,,,,,,
3822,3,4,,,,,,,,,,,
3823,1,2,,,,,,,,,,,
3824,2,2,,,,,,,,,,,
3825,2,2,,,,,,,,,,,
3826,3,3,,,,,,,,,,,
3827,3,3,,,,,,,,,,,
3828,3,3,,,,,,,,,,,
3830,1,1,,,,,,,,,,,
3831,2,2,,,,,,,,,,,
3832,3,3,,,,,,,,,,,
3833,2,0,,,,,,,,,,,
3834,2,2,,,,,,,,,,,
3835,3,3,,,,,,,,,,,
3836,1,2,,,,,,,,,,,
3837,3,3,,,,,,,,,,,
3838,2,2,,,,,,,,,,,
3839,2,2,,,,,,,,,,,
3840,2,4,,,,,,,,,,,
3841,2,2,,,,,,,,,,,
3842,2,2,,,,,,,,,,,
3843,3,3,,,,,,,,,,,
3844,2,2,,,,,,,,,,,
3845,3,3,,,,,,,,,,,
3846,2,1,,,,,,,,,,,
3847,0,4,,,,,,,,,,,
3848,3,3,,,,,,,,,,,
3849,0,4,,,,,,,,,,,
3850,2,4,,,,,,,,,,,
3851,2,3,,,,,,,,,,,
3852,3,3,,,,,,,,,,,
3853,2,2,,,,,,,,,,,
3854,1,4,,,,,,,,,,,
3855,2,2,,,,,,,,,,,
3856,1,2,,,,,,,,,,,
3857,3,3,,,,,,,,,,,
3858,3,3,,,,,,,,,,,
3859,2,2,,,,,,,,,,,
3860,3,3,,,,,,,,,,,
3861,2,2,,,,,,,,,,,
3862,1,1,,,,,,,,,,,
3863,3,4,,,,,,,,,,,
3864,2,2,,,,,,,,,,,
3865,2,2,,,,,,,,,,,
3866,3,4,,,,,,,,,,,
3867,3,4,,,,,,,,,,,
3868,3,4,,,,,,,,,,,
3869,2,3,,,,,,,,,,,
3870,2,1,,,,,,,,,,,
3871,3,4,,,,,,,,,,,
3872,2,1,,,,,,,,,,,
3873,2,2,,,,,,,,,,,
3874,2,2,,,,,,,,,,,
3875,3,3,,,,,,,,,,,
3876,3,2,,,,,,,,,,,
3877,2,1,,,,,,,,,,,
3878,3,1,,,,,,,,,,,
3879,2,2,,,,,,,,,,,
3880,1,1,,,,,,,,,,,
3881,2,4,,,,,,,,,,,
3882,1,1,,,,,,,,,,,
3883,3,2,,,,,,,,,,,
3884,1,1,,,,,,,,,,,
3885,1,1,,,,,,,,,,,
3886,1,2,,,,,,,,,,,
3887,2,2,,,,,,,,,,,
3888,2,2,,,,,,,,,,,
3890,1,1,,,,,,,,,,,
3891,2,2,,,,,,,,,,,
3892,2,2,,,,,,,,,,,
3893,3,4,,,,,,,,,,,
3894,2,1,,,,,,,,,,,
3895,3,1,,,,,,,,,,,
3896,2,2,,,,,,,,,,,
3897,1,2,,,,,,,,,,,
3898,2,2,,,,,,,,,,,
3899,1,1,,,,,,,,,,,
3900,2,1,,,,,,,,,,,
3901,0,0,,,,,,,,,,,
3902,0,2,,,,,,,,,,,
3903,1,1,,,,,,,,,,,
3904,3,3,,,,,,,,,,,
3905,3,3,,,,,,,,,,,
3906,1,0,,,,,,,,,,,
3907,2,2,,,,,,,,,,,
3908,2,2,,,,,,,,,,,
3909,2,1,,,,,,,,,,,
3910,2,2,,,,,,,,,,,
3911,1,1,,,,,,,,,,,
3912,2,2,,,,,,,,,,,
3913,2,2,,,,,,,,,,,
3914,3,4,,,,,,,,,,,
3915,0,4,,,,,,,,,,,
3916,3,2,,,,,,,,,,,
3917,3,2,,,,,,,,,,,
3918,0,0,,,,,,,,,,,
3920,1,4,,,,,,,,,,,
3921,1,1,,,,,,,,,,,
3922,3,2,,,,,,,,,,,
3923,3,3,,,,,,,,,,,
3924,3,2,,,,,,,,,,,
3925,1,4,,,,,,,,,,,
3927,3,1,,,,,,,,,,,
3928,3,3,,,,,,,,,,,
3929,1,4,,,,,,,,,,,
3930,3,4,,,,,,,,,,,
3931,1,1,,,,,,,,,,,
3932,3,3,,,,,,,,,,,
3933,1,2,,,,,,,,,,,
3934,2,2,,,,,,,,,,,
3936,2,4,,,,,,,,,,,
3937,0,1,,,,,,,,,,,
3938,0,2,,,,,,,,,,,
3939,2,2,,,,,,,,,,,
3940,3,3,,,,,,,,,,,
3941,2,1,,,,,,,,,,,
3942,3,3,,,,,,,,,,,
3943,2,4,,,,,,,,,,,
3944,2,2,,,,,,,,,,,
3945,3,4,,,,,,,,,,,
3946,2,2,,,,,,,,,,,
3948,2,2,,,,,,,,,,,
3949,1,1,,,,,,,,,,,
3950,3,3,,,,,,,,,,,
3951,2,1,,,,,,,,,,,
3952,3,4,,,,,,,,,,,
3953,3,3,,,,,,,,,,,
3954,2,2,,,,,,,,,,,
3955,3,3,,,,,,,,,,,
3956,2,2,,,,,,,,,,,
3957,2,2,,,,,,,,,,,
3958,0,2,,,,,,,,,,,
3959,1,1,,,,,,,,,,,
3960,2,2,,,,,,,,,,,
3961,2,2,,,,,,,,,,,
3962,3,2,,,,,,,,,,,
3963,1,4,,,,,,,,,,,
3964,3,3,,,,,,,,,,,
3965,2,2,,,,,,,,,,,
3966,1,1,,,,,,,,,,,
3967,3,3,,,,,,,,,,,
3968,3,2,,,,,,,,,,,
3969,2,2,,,,,,,,,,,
3970,2,2,,,,,,,,,,,
3971,2,1,,,,,,,,,,,
3972,0,1,,,,,,,,,,,
3973,3,1,,,,,,,,,,,
3974,3,3,,,,,,,,,,,
3975,1,1,,,,,,,,,,,
3976,2,2,,,,,,,,,,,
3977,1,1,,,,,,,,,,,
3978,3,3,,,,,,,,,,,
3979,1,1,,,,,,,,,,,
3980,1,1,,,,,,,,,,,
